cycle,bases,mean_phred,q20_percent,q30_percent
1,24,38.000000,100.000000,100.000000
2,24,38.000000,100.000000,100.000000
3,24,37.958333,100.000000,100.000000
4,24,38.000000,100.000000,100.000000
5,24,37.875000,100.000000,100.000000
6,24,37.875000,100.000000,100.000000
7,24,38.000000,100.000000,100.000000
8,24,38.000000,100.000000,100.000000
9,24,38.000000,100.000000,100.000000
10,24,38.000000,100.000000,100.000000
11,24,38.000000,100.000000,100.000000
12,24,38.000000,100.000000,100.000000
13,24,37.958333,100.000000,100.000000
14,24,37.708333,100.000000,100.000000
15,24,37.875000,100.000000,100.000000
16,24,37.541667,100.000000,100.000000
17,24,37.875000,100.000000,100.000000
18,24,37.875000,100.000000,100.000000
19,24,37.916667,100.000000,100.000000
20,24,37.833333,100.000000,100.000000
21,24,36.583333,100.000000,91.666667
22,24,37.875000,100.000000,100.000000
23,24,37.791667,100.000000,100.000000
24,24,37.791667,100.000000,100.000000
25,24,37.916667,100.000000,100.000000
26,24,37.583333,100.000000,100.000000
27,24,37.916667,100.000000,100.000000
28,24,37.958333,100.000000,100.000000
29,24,37.916667,100.000000,100.000000
30,24,36.500000,100.000000,95.833333
31,24,37.458333,100.000000,100.000000
32,24,37.791667,100.000000,100.000000
33,24,38.000000,100.000000,100.000000
34,24,37.875000,100.000000,100.000000
35,24,37.916667,100.000000,100.000000
36,24,37.916667,100.000000,100.000000
37,24,37.291667,100.000000,95.833333
38,24,37.833333,100.000000,100.000000
39,24,37.958333,100.000000,100.000000
40,24,37.958333,100.000000,100.000000
41,24,37.958333,100.000000,100.000000
42,24,38.000000,100.000000,100.000000
43,24,38.000000,100.000000,100.000000
44,24,38.000000,100.000000,100.000000
45,24,37.708333,100.000000,100.000000
46,24,37.916667,100.000000,100.000000
47,24,37.916667,100.000000,100.000000
48,24,37.916667,100.000000,100.000000
49,24,37.958333,100.000000,100.000000
50,24,37.958333,100.000000,100.000000
51,24,38.000000,100.000000,100.000000
52,24,37.791667,100.000000,100.000000
53,24,38.000000,100.000000,100.000000
54,24,37.958333,100.000000,100.000000
55,24,37.333333,100.000000,100.000000
56,24,37.916667,100.000000,100.000000
57,24,37.750000,100.000000,100.000000
58,24,37.958333,100.000000,100.000000
59,24,37.958333,100.000000,100.000000
60,24,37.875000,100.000000,100.000000
61,24,37.958333,100.000000,100.000000
62,24,37.958333,100.000000,100.000000
63,24,37.458333,100.000000,95.833333
64,24,37.958333,100.000000,100.000000
65,24,38.000000,100.000000,100.000000
66,24,37.916667,100.000000,100.000000
67,24,36.958333,100.000000,100.000000
68,24,37.750000,100.000000,100.000000
69,24,37.958333,100.000000,100.000000
70,24,38.000000,100.000000,100.000000
71,24,37.958333,100.000000,100.000000
72,24,38.000000,100.000000,100.000000
73,24,37.958333,100.000000,100.000000
74,24,38.000000,100.000000,100.000000
75,24,38.000000,100.000000,100.000000
76,24,38.000000,100.000000,100.000000
77,24,38.000000,100.000000,100.000000
78,24,37.875000,100.000000,100.000000
79,24,37.875000,100.000000,100.000000
80,24,38.000000,100.000000,100.000000
81,24,38.000000,100.000000,100.000000
82,24,37.583333,100.000000,100.000000
83,24,37.750000,100.000000,100.000000
84,24,37.958333,100.000000,100.000000
85,24,37.666667,100.000000,100.000000
86,24,38.000000,100.000000,100.000000
87,24,38.000000,100.000000,100.000000
88,24,37.958333,100.000000,100.000000
89,24,38.000000,100.000000,100.000000
90,24,37.958333,100.000000,100.000000
91,24,37.958333,100.000000,100.000000
92,24,37.958333,100.000000,100.000000
93,24,37.833333,100.000000,100.000000
94,24,37.666667,100.000000,100.000000
95,24,37.625000,100.000000,100.000000
96,24,37.458333,100.000000,100.000000
97,24,37.916667,100.000000,100.000000
98,24,37.916667,100.000000,100.000000
99,24,37.708333,100.000000,100.000000
100,24,37.666667,100.000000,100.000000
101,24,37.875000,100.000000,100.000000
102,24,37.958333,100.000000,100.000000
103,24,37.958333,100.000000,100.000000
104,24,37.666667,100.000000,100.000000
105,24,37.708333,100.000000,100.000000
106,24,37.875000,100.000000,100.000000
107,24,37.833333,100.000000,100.000000
108,24,37.833333,100.000000,100.000000
109,24,37.833333,100.000000,100.000000
110,24,37.958333,100.000000,100.000000
111,24,37.791667,100.000000,100.000000
112,24,37.916667,100.000000,100.000000
113,24,37.875000,100.000000,100.000000
114,24,37.666667,100.000000,100.000000
115,24,37.750000,100.000000,100.000000
116,24,37.958333,100.000000,100.000000
117,24,37.833333,100.000000,100.000000
118,24,37.916667,100.000000,100.000000
119,24,37.875000,100.000000,100.000000
120,24,37.958333,100.000000,100.000000
121,24,37.958333,100.000000,100.000000
122,24,37.916667,100.000000,100.000000
123,24,38.000000,100.000000,100.000000
124,24,37.958333,100.000000,100.000000
125,24,38.000000,100.000000,100.000000
126,24,37.958333,100.000000,100.000000
127,24,37.625000,100.000000,100.000000
128,24,37.833333,100.000000,100.000000
129,24,37.875000,100.000000,100.000000
130,24,37.916667,100.000000,100.000000
131,24,37.541667,100.000000,95.833333
132,24,37.875000,100.000000,100.000000
133,24,37.666667,100.000000,100.000000
134,24,37.541667,100.000000,100.000000
135,24,37.750000,100.000000,100.000000
136,24,37.833333,100.000000,100.000000
137,24,37.000000,100.000000,95.833333
138,24,37.375000,100.000000,100.000000
139,24,37.541667,100.000000,100.000000
140,24,37.625000,100.000000,100.000000
141,24,37.625000,100.000000,100.000000
142,24,36.583333,95.833333,95.833333
143,24,36.958333,100.000000,95.833333
144,24,37.541667,100.000000,100.000000
145,24,37.041667,100.000000,95.833333
146,24,37.583333,100.000000,100.000000
147,24,37.375000,100.000000,100.000000
148,24,37.750000,100.000000,100.000000
149,24,36.666667,95.833333,95.833333
150,24,37.541667,100.000000,100.000000
151,24,37.875000,100.000000,100.000000
152,24,37.791667,100.000000,100.000000
153,24,37.750000,100.000000,100.000000
154,24,37.833333,100.000000,100.000000
155,24,37.625000,100.000000,100.000000
156,24,37.083333,100.000000,95.833333
157,24,37.625000,100.000000,100.000000
158,24,37.833333,100.000000,100.000000
159,24,37.208333,100.000000,95.833333
160,24,37.250000,100.000000,100.000000
161,24,37.750000,100.000000,100.000000
162,24,37.750000,100.000000,100.000000
163,24,37.291667,100.000000,95.833333
164,24,37.750000,100.000000,100.000000
165,24,37.833333,100.000000,100.000000
166,24,37.833333,100.000000,100.000000
167,24,37.916667,100.000000,100.000000
168,24,37.125000,100.000000,100.000000
169,24,37.625000,100.000000,100.000000
170,24,37.416667,100.000000,100.000000
171,24,36.750000,100.000000,95.833333
172,24,37.000000,100.000000,95.833333
173,24,37.375000,100.000000,100.000000
174,24,37.500000,100.000000,100.000000
175,24,37.625000,100.000000,100.000000
176,24,37.750000,100.000000,100.000000
177,24,37.958333,100.000000,100.000000
178,24,37.958333,100.000000,100.000000
179,24,37.750000,100.000000,100.000000
180,24,37.666667,100.000000,100.000000
181,24,37.458333,100.000000,100.000000
182,24,36.333333,100.000000,95.833333
183,24,37.166667,100.000000,100.000000
184,24,37.000000,100.000000,95.833333
185,24,37.791667,100.000000,100.000000
186,24,37.875000,100.000000,100.000000
187,24,37.708333,100.000000,100.000000
188,24,37.666667,100.000000,100.000000
189,24,36.916667,100.000000,100.000000
190,24,37.541667,100.000000,100.000000
191,24,37.583333,100.000000,100.000000
192,24,37.958333,100.000000,100.000000
193,24,37.875000,100.000000,100.000000
194,24,37.708333,100.000000,100.000000
195,24,37.291667,100.000000,100.000000
196,24,37.083333,100.000000,95.833333
197,24,36.166667,100.000000,100.000000
198,24,37.041667,100.000000,100.000000
199,24,36.250000,100.000000,100.000000
200,24,36.833333,100.000000,100.000000
201,24,39.291667,100.000000,100.000000
202,24,39.791667,100.000000,100.000000
203,24,39.541667,100.000000,100.000000
204,24,39.708333,100.000000,100.000000
205,24,39.333333,100.000000,100.000000
206,24,39.833333,100.000000,100.000000
207,24,39.041667,100.000000,100.000000
208,24,39.791667,100.000000,100.000000
209,24,39.500000,100.000000,100.000000
210,24,40.000000,100.000000,100.000000
211,24,39.750000,100.000000,100.000000
212,24,39.375000,100.000000,100.000000
213,24,39.833333,100.000000,100.000000
214,24,39.500000,100.000000,100.000000
215,24,38.041667,100.000000,91.666667
216,24,39.333333,100.000000,95.833333
217,24,39.166667,100.000000,100.000000
218,24,39.416667,100.000000,100.000000
219,24,38.333333,100.000000,91.666667
220,24,39.625000,100.000000,100.000000
221,24,39.333333,100.000000,100.000000
222,24,39.125000,100.000000,95.833333
223,24,38.541667,95.833333,95.833333
224,24,39.458333,100.000000,95.833333
225,24,39.708333,100.000000,100.000000
226,24,37.375000,95.833333,87.500000
227,24,39.333333,100.000000,100.000000
228,24,38.583333,100.000000,95.833333
229,24,37.500000,100.000000,91.666667
230,24,39.208333,100.000000,100.000000
231,24,39.708333,100.000000,100.000000
232,24,39.833333,100.000000,100.000000
233,24,39.500000,100.000000,100.000000
234,24,38.708333,100.000000,91.666667
235,24,39.083333,100.000000,95.833333
236,24,38.791667,100.000000,95.833333
237,24,39.000000,100.000000,95.833333
238,24,39.916667,100.000000,100.000000
239,24,39.958333,100.000000,100.000000
240,24,39.916667,100.000000,100.000000
241,24,39.041667,95.833333,95.833333
242,24,39.541667,100.000000,100.000000
243,24,40.000000,100.000000,100.000000
244,24,39.875000,100.000000,100.000000
245,24,38.625000,95.833333,95.833333
246,24,39.875000,100.000000,100.000000
247,24,40.000000,100.000000,100.000000
248,24,40.000000,100.000000,100.000000
249,24,39.541667,100.000000,95.833333
250,24,39.250000,100.000000,100.000000
251,24,40.000000,100.000000,100.000000
252,24,40.000000,100.000000,100.000000
253,24,39.416667,100.000000,95.833333
254,24,40.000000,100.000000,100.000000
255,24,39.750000,100.000000,100.000000
256,24,40.000000,100.000000,100.000000
257,24,40.000000,100.000000,100.000000
258,24,38.750000,95.833333,95.833333
259,24,40.000000,100.000000,100.000000
260,24,39.708333,100.000000,100.000000
261,24,39.333333,100.000000,100.000000
262,24,40.000000,100.000000,100.000000
263,24,39.708333,100.000000,100.000000
264,24,40.000000,100.000000,100.000000
265,24,39.291667,100.000000,100.000000
266,24,40.000000,100.000000,100.000000
267,24,39.958333,100.000000,100.000000
268,24,39.916667,100.000000,100.000000
269,24,39.791667,100.000000,100.000000
270,24,39.833333,100.000000,100.000000
271,24,39.750000,100.000000,100.000000
272,24,39.958333,100.000000,100.000000
273,24,32.333333,95.833333,70.833333
274,24,29.166667,79.166667,58.333333
275,24,28.958333,79.166667,58.333333
276,24,27.875000,79.166667,62.500000
277,24,27.375000,83.333333,50.000000
278,24,30.541667,95.833333,62.500000
279,24,31.333333,95.833333,62.500000
280,24,28.708333,91.666667,58.333333
281,24,28.875000,83.333333,70.833333
282,24,29.750000,87.500000,62.500000
283,24,33.541667,95.833333,79.166667
284,24,33.500000,91.666667,83.333333
285,24,36.458333,100.000000,95.833333
286,24,36.125000,100.000000,95.833333
287,24,34.875000,100.000000,87.500000
288,24,30.416667,95.833333,58.333333
289,24,27.583333,91.666667,45.833333
290,24,29.625000,91.666667,58.333333
291,24,32.916667,95.833333,83.333333
292,24,35.125000,100.000000,91.666667
293,24,33.625000,95.833333,91.666667
294,24,36.958333,100.000000,100.000000
295,24,33.375000,95.833333,87.500000
296,24,36.208333,100.000000,91.666667
297,24,34.500000,95.833333,91.666667
298,24,36.500000,100.000000,91.666667
299,24,32.000000,95.833333,70.833333
300,24,32.958333,100.000000,79.166667
301,24,36.875000,100.000000,100.000000
302,24,35.041667,95.833333,91.666667
303,24,35.416667,95.833333,91.666667
304,24,35.458333,100.000000,91.666667
305,24,35.166667,95.833333,87.500000
306,24,32.708333,91.666667,83.333333
307,24,34.291667,100.000000,83.333333
308,24,35.500000,100.000000,91.666667
309,24,32.625000,95.833333,79.166667
310,24,34.958333,100.000000,91.666667
311,24,34.250000,100.000000,91.666667
312,24,34.875000,100.000000,87.500000
313,24,33.083333,95.833333,79.166667
314,24,34.916667,95.833333,91.666667
315,24,36.666667,100.000000,95.833333
316,24,36.916667,100.000000,95.833333
317,24,36.958333,100.000000,100.000000
318,24,34.458333,100.000000,83.333333
319,24,34.958333,100.000000,91.666667
320,24,36.666667,100.000000,95.833333
321,24,34.750000,100.000000,83.333333
322,24,36.458333,100.000000,91.666667
323,24,37.125000,100.000000,100.000000
324,24,36.791667,100.000000,95.833333
325,24,35.416667,100.000000,87.500000
326,24,33.833333,100.000000,79.166667
327,24,34.375000,95.833333,83.333333
328,24,36.083333,100.000000,95.833333
329,24,35.791667,100.000000,91.666667
330,24,35.250000,100.000000,91.666667
331,24,35.916667,100.000000,91.666667
332,24,37.000000,100.000000,100.000000
333,24,35.875000,100.000000,91.666667
334,24,36.375000,100.000000,95.833333
335,24,33.291667,95.833333,75.000000
336,24,37.541667,100.000000,100.000000
337,24,36.708333,100.000000,100.000000
338,24,37.958333,100.000000,100.000000
339,24,37.916667,100.000000,100.000000
340,24,37.750000,100.000000,100.000000
341,24,37.666667,100.000000,100.000000
342,24,37.500000,100.000000,100.000000
343,24,37.166667,100.000000,100.000000
344,24,37.791667,100.000000,100.000000
345,24,37.708333,100.000000,100.000000
346,24,37.833333,100.000000,100.000000
347,24,37.416667,100.000000,100.000000
348,24,37.625000,100.000000,100.000000
349,24,37.583333,100.000000,100.000000
350,24,36.416667,100.000000,91.666667
351,24,37.375000,100.000000,100.000000
352,24,36.750000,100.000000,95.833333
353,24,37.708333,100.000000,100.000000
354,24,37.458333,100.000000,100.000000
355,24,37.125000,100.000000,100.000000
356,24,36.750000,100.000000,95.833333
357,24,35.833333,95.833333,95.833333
358,24,37.083333,100.000000,100.000000
359,24,37.416667,100.000000,100.000000
360,24,35.958333,100.000000,91.666667
361,24,37.000000,100.000000,95.833333
362,24,37.625000,100.000000,100.000000
363,24,37.208333,100.000000,100.000000
364,24,36.625000,100.000000,91.666667
365,24,35.541667,95.833333,95.833333
366,24,35.250000,95.833333,91.666667
367,24,37.666667,100.000000,100.000000
368,24,37.750000,100.000000,100.000000
369,24,37.500000,100.000000,100.000000
370,24,37.541667,100.000000,100.000000
371,24,37.458333,100.000000,100.000000
372,24,37.708333,100.000000,100.000000
373,24,36.666667,100.000000,95.833333
374,24,37.458333,100.000000,100.000000
375,24,37.208333,100.000000,100.000000
376,24,37.333333,100.000000,100.000000
377,24,37.250000,100.000000,100.000000
378,24,36.666667,95.833333,91.666667
379,24,35.750000,95.833333,87.500000
380,24,36.000000,95.833333,91.666667
381,24,37.125000,100.000000,100.000000
382,24,37.125000,100.000000,100.000000
383,24,36.750000,100.000000,95.833333
384,24,36.291667,100.000000,95.833333
385,24,36.708333,100.000000,95.833333
386,24,37.625000,100.000000,100.000000
387,24,37.416667,100.000000,100.000000
388,24,37.458333,100.000000,100.000000
389,24,37.125000,100.000000,95.833333
390,24,37.125000,100.000000,95.833333
391,24,35.708333,95.833333,91.666667
392,24,37.875000,100.000000,100.000000
393,24,37.666667,100.000000,100.000000
394,24,37.833333,100.000000,100.000000
395,24,37.791667,100.000000,100.000000
396,24,36.958333,100.000000,95.833333
397,24,37.458333,100.000000,100.000000
398,24,37.125000,100.000000,95.833333
399,24,37.041667,100.000000,95.833333
400,24,37.625000,100.000000,100.000000
401,24,37.875000,100.000000,100.000000
402,24,37.875000,100.000000,100.000000
403,24,37.875000,100.000000,100.000000
404,24,37.208333,100.000000,100.000000
405,24,37.125000,100.000000,100.000000
406,24,37.791667,100.000000,100.000000
407,24,37.958333,100.000000,100.000000
408,24,38.000000,100.000000,100.000000
409,24,37.958333,100.000000,100.000000
410,24,37.625000,100.000000,100.000000
411,24,36.416667,95.833333,95.833333
412,24,37.708333,100.000000,100.000000
413,24,37.791667,100.000000,100.000000
414,24,37.750000,100.000000,100.000000
415,24,37.666667,100.000000,100.000000
416,24,37.500000,100.000000,100.000000
417,24,37.291667,100.000000,100.000000
418,24,36.916667,100.000000,95.833333
419,24,35.583333,100.000000,87.500000
420,24,36.708333,95.833333,95.833333
421,24,37.916667,100.000000,100.000000
422,24,37.916667,100.000000,100.000000
423,24,37.541667,100.000000,100.000000
424,24,37.291667,100.000000,100.000000
425,24,37.166667,100.000000,100.000000
426,24,37.375000,100.000000,100.000000
427,24,37.333333,100.000000,100.000000
428,24,37.708333,100.000000,100.000000
429,24,36.666667,95.833333,95.833333
430,24,37.625000,100.000000,100.000000
431,24,37.875000,100.000000,100.000000
432,24,37.625000,100.000000,100.000000
433,24,37.375000,100.000000,100.000000
434,24,36.291667,95.833333,95.833333
435,24,37.500000,100.000000,100.000000
436,24,37.166667,100.000000,95.833333
437,24,36.583333,100.000000,91.666667
438,24,37.041667,100.000000,95.833333
439,24,37.541667,100.000000,100.000000
440,24,36.500000,100.000000,95.833333
441,24,36.500000,100.000000,95.833333
442,24,36.458333,95.833333,95.833333
443,24,37.916667,100.000000,100.000000
444,24,37.666667,100.000000,100.000000
445,24,37.291667,100.000000,95.833333
446,24,37.208333,100.000000,100.000000
447,24,37.541667,100.000000,100.000000
448,24,37.833333,100.000000,100.000000
449,24,37.500000,100.000000,100.000000
450,24,37.041667,100.000000,100.000000
451,24,37.041667,100.000000,100.000000
452,24,34.333333,91.666667,87.500000
453,24,33.041667,91.666667,79.166667
454,24,31.500000,87.500000,75.000000
455,24,37.208333,100.000000,95.833333
456,24,36.958333,100.000000,100.000000
457,24,37.375000,100.000000,100.000000
458,24,37.375000,100.000000,100.000000
459,24,37.041667,100.000000,95.833333
460,24,37.625000,100.000000,100.000000
461,24,35.583333,95.833333,91.666667
462,24,37.791667,100.000000,100.000000
463,24,36.666667,100.000000,100.000000
464,24,37.333333,100.000000,100.000000
465,24,36.208333,100.000000,91.666667
466,24,37.375000,100.000000,100.000000
467,24,37.000000,100.000000,100.000000
468,24,35.625000,95.833333,91.666667
469,24,36.625000,100.000000,95.833333
470,24,37.708333,100.000000,100.000000
471,24,37.583333,100.000000,100.000000
