chain,cdr,residue_number,resname,min_distance_to_her2_a,her2_contact_residue_count_4_5a,her2_contact_residues,mean_b_factor_a2
A,L1,24,ARG,15.16,0,,25.099
A,L1,25,ALA,11.901,0,,15.368
A,L1,26,SER,13.287,0,,15.57
A,L1,27,GLN,9.592,0,,20.119
A,L1,28,ASP,4.496,1,GLU598,17.23
A,L1,29,VAL,5.526,0,,14.751
A,L1,30,ASN,2.986,4,ALA600;ASP596;GLN602;GLU598,10.71
A,L1,31,THR,3.048,1,GLN602,9.961
A,L1,32,ALA,3.695,1,PRO571,12.314
A,L1,33,VAL,7.325,0,,10.501
A,L1,34,ALA,9.712,0,,10.978
A,L2,50,SER,3.615,1,PRO603,11.128
A,L2,51,ALA,7.054,0,,13.026
A,L2,52,SER,7.003,0,,15.437
A,L2,53,PHE,3.564,3,CYS604;PRO603;PRO605,15.541
A,L2,54,LEU,8.088,0,,14.809
A,L2,55,TYR,9.58,0,,16.768
A,L2,56,SER,8.495,0,,17.977
A,L3,89,GLN,9.322,0,,16.036
A,L3,90,GLN,7.014,0,,13.462
A,L3,91,HIS,2.888,2,PRO571;PRO572,10.609
A,L3,92,TYR,2.957,3,LYS569;PRO571;PRO572,10.95
A,L3,93,THR,4.046,1,PRO572,14.044
A,L3,94,THR,2.823,2,ASP560;PRO572,16.123
A,L3,95,PRO,6.77,0,,17.269
A,L3,96,PRO,7.214,0,,18.067
A,L3,97,THR,9.449,0,,17.937
B,H1,31,ASP,9.623,0,,19.289
B,H1,32,THR,8.164,0,,15.954
B,H1,33,TYR,3.416,2,GLU558;PHE573,9.0
B,H1,34,ILE,9.006,0,,11.069
B,H1,35,HIS,7.644,0,,11.673
B,H2,50,ARG,2.601,3,ASP560;GLU558;PHE573,10.925
B,H2,51,ILE,6.257,0,,10.689
B,H2,52,TYR,4.387,1,GLU558,14.112
B,H2,53,PRO,7.917,0,,11.16
B,H2,54,THR,9.017,0,,13.544
B,H2,55,ASN,5.314,0,,12.946
B,H2,56,GLY,6.946,0,,13.435
B,H2,57,TYR,3.512,2,GLU558;PRO557,11.248
B,H2,58,THR,4.106,1,GLU558,13.794
B,H2,59,ARG,3.425,3,ASP560;GLN561;GLU558,11.788
B,H2,60,TYR,7.892,0,,12.08
B,H2,61,ALA,11.21,0,,15.186
B,H2,62,ASP,11.556,0,,17.332
B,H2,63,SER,15.166,0,,15.408
B,H2,64,VAL,14.124,0,,16.103
B,H2,65,LYS,7.749,0,,23.593
B,H3,95,TYR,17.107,0,,13.598
B,H3,96,CYS,15.868,0,,18.342
B,H3,97,SER,12.234,0,,15.628
B,H3,98,ARG,9.473,0,,16.29
B,H3,99,TRP,4.052,2,PHE573;PRO572,18.528
B,H3,100,GLY,6.986,0,,26.505
B,H3,101,GLY,5.89,0,,26.43
B,H3,102,ASP,5.075,0,,27.726
