well,class,candidate,concentration_nM,replicate,purpose
A1,candidate,NB13_E104Q,0.3,1,PD-1/PD-L1 competitive ELISA dose response
A2,candidate,NB13_E104Q,0.3,2,PD-1/PD-L1 competitive ELISA dose response
A3,candidate,NB13_E104Q,1,1,PD-1/PD-L1 competitive ELISA dose response
A4,candidate,NB13_E104Q,1,2,PD-1/PD-L1 competitive ELISA dose response
A5,candidate,NB13_E104Q,3,1,PD-1/PD-L1 competitive ELISA dose response
A6,candidate,NB13_E104Q,3,2,PD-1/PD-L1 competitive ELISA dose response
A7,candidate,NB13_E104Q,10,1,PD-1/PD-L1 competitive ELISA dose response
A8,candidate,NB13_E104Q,10,2,PD-1/PD-L1 competitive ELISA dose response
A9,candidate,NB13_E104Q,30,1,PD-1/PD-L1 competitive ELISA dose response
A10,candidate,NB13_E104Q,30,2,PD-1/PD-L1 competitive ELISA dose response
A11,candidate,NB13_E104Q,100,1,PD-1/PD-L1 competitive ELISA dose response
A12,candidate,NB13_E104Q,100,2,PD-1/PD-L1 competitive ELISA dose response
B1,candidate,NB16_L110I,0.3,1,PD-1/PD-L1 competitive ELISA dose response
B2,candidate,NB16_L110I,0.3,2,PD-1/PD-L1 competitive ELISA dose response
B3,candidate,NB16_L110I,1,1,PD-1/PD-L1 competitive ELISA dose response
B4,candidate,NB16_L110I,1,2,PD-1/PD-L1 competitive ELISA dose response
B5,candidate,NB16_L110I,3,1,PD-1/PD-L1 competitive ELISA dose response
B6,candidate,NB16_L110I,3,2,PD-1/PD-L1 competitive ELISA dose response
B7,candidate,NB16_L110I,10,1,PD-1/PD-L1 competitive ELISA dose response
B8,candidate,NB16_L110I,10,2,PD-1/PD-L1 competitive ELISA dose response
B9,candidate,NB16_L110I,30,1,PD-1/PD-L1 competitive ELISA dose response
B10,candidate,NB16_L110I,30,2,PD-1/PD-L1 competitive ELISA dose response
B11,candidate,NB16_L110I,100,1,PD-1/PD-L1 competitive ELISA dose response
B12,candidate,NB16_L110I,100,2,PD-1/PD-L1 competitive ELISA dose response
C1,candidate,NB17_V111I,0.3,1,PD-1/PD-L1 competitive ELISA dose response
C2,candidate,NB17_V111I,0.3,2,PD-1/PD-L1 competitive ELISA dose response
C3,candidate,NB17_V111I,1,1,PD-1/PD-L1 competitive ELISA dose response
C4,candidate,NB17_V111I,1,2,PD-1/PD-L1 competitive ELISA dose response
C5,candidate,NB17_V111I,3,1,PD-1/PD-L1 competitive ELISA dose response
C6,candidate,NB17_V111I,3,2,PD-1/PD-L1 competitive ELISA dose response
C7,candidate,NB17_V111I,10,1,PD-1/PD-L1 competitive ELISA dose response
C8,candidate,NB17_V111I,10,2,PD-1/PD-L1 competitive ELISA dose response
C9,candidate,NB17_V111I,30,1,PD-1/PD-L1 competitive ELISA dose response
C10,candidate,NB17_V111I,30,2,PD-1/PD-L1 competitive ELISA dose response
C11,candidate,NB17_V111I,100,1,PD-1/PD-L1 competitive ELISA dose response
C12,candidate,NB17_V111I,100,2,PD-1/PD-L1 competitive ELISA dose response
D1,candidate,NB05_S31N,0.3,1,PD-1/PD-L1 competitive ELISA dose response
D2,candidate,NB05_S31N,0.3,2,PD-1/PD-L1 competitive ELISA dose response
D3,candidate,NB05_S31N,1,1,PD-1/PD-L1 competitive ELISA dose response
D4,candidate,NB05_S31N,1,2,PD-1/PD-L1 competitive ELISA dose response
D5,candidate,NB05_S31N,3,1,PD-1/PD-L1 competitive ELISA dose response
D6,candidate,NB05_S31N,3,2,PD-1/PD-L1 competitive ELISA dose response
D7,candidate,NB05_S31N,10,1,PD-1/PD-L1 competitive ELISA dose response
D8,candidate,NB05_S31N,10,2,PD-1/PD-L1 competitive ELISA dose response
D9,candidate,NB05_S31N,30,1,PD-1/PD-L1 competitive ELISA dose response
D10,candidate,NB05_S31N,30,2,PD-1/PD-L1 competitive ELISA dose response
D11,candidate,NB05_S31N,100,1,PD-1/PD-L1 competitive ELISA dose response
D12,candidate,NB05_S31N,100,2,PD-1/PD-L1 competitive ELISA dose response
E1,candidate,NB11_F103Y,0.3,1,PD-1/PD-L1 competitive ELISA dose response
E2,candidate,NB11_F103Y,0.3,2,PD-1/PD-L1 competitive ELISA dose response
E3,candidate,NB11_F103Y,1,1,PD-1/PD-L1 competitive ELISA dose response
E4,candidate,NB11_F103Y,1,2,PD-1/PD-L1 competitive ELISA dose response
E5,candidate,NB11_F103Y,3,1,PD-1/PD-L1 competitive ELISA dose response
E6,candidate,NB11_F103Y,3,2,PD-1/PD-L1 competitive ELISA dose response
E7,candidate,NB11_F103Y,10,1,PD-1/PD-L1 competitive ELISA dose response
E8,candidate,NB11_F103Y,10,2,PD-1/PD-L1 competitive ELISA dose response
E9,candidate,NB11_F103Y,30,1,PD-1/PD-L1 competitive ELISA dose response
E10,candidate,NB11_F103Y,30,2,PD-1/PD-L1 competitive ELISA dose response
E11,candidate,NB11_F103Y,100,1,PD-1/PD-L1 competitive ELISA dose response
E12,candidate,NB11_F103Y,100,2,PD-1/PD-L1 competitive ELISA dose response
F1,candidate,KN035_parent,0.3,1,PD-1/PD-L1 competitive ELISA dose response
F2,candidate,KN035_parent,0.3,2,PD-1/PD-L1 competitive ELISA dose response
F3,candidate,KN035_parent,1,1,PD-1/PD-L1 competitive ELISA dose response
F4,candidate,KN035_parent,1,2,PD-1/PD-L1 competitive ELISA dose response
F5,candidate,KN035_parent,3,1,PD-1/PD-L1 competitive ELISA dose response
F6,candidate,KN035_parent,3,2,PD-1/PD-L1 competitive ELISA dose response
F7,candidate,KN035_parent,10,1,PD-1/PD-L1 competitive ELISA dose response
F8,candidate,KN035_parent,10,2,PD-1/PD-L1 competitive ELISA dose response
F9,candidate,KN035_parent,30,1,PD-1/PD-L1 competitive ELISA dose response
F10,candidate,KN035_parent,30,2,PD-1/PD-L1 competitive ELISA dose response
F11,candidate,KN035_parent,100,1,PD-1/PD-L1 competitive ELISA dose response
F12,candidate,KN035_parent,100,2,PD-1/PD-L1 competitive ELISA dose response
G1,control,no_inhibitor,,1,PD-L1 plus PD-1; maximum-signal control
G2,control,no_inhibitor,,2,PD-L1 plus PD-1; maximum-signal control
G3,control,no_inhibitor,,3,PD-L1 plus PD-1; maximum-signal control
G4,control,no_inhibitor,,4,PD-L1 plus PD-1; maximum-signal control
G5,control,no_inhibitor,,5,PD-L1 plus PD-1; maximum-signal control
G6,control,no_inhibitor,,6,PD-L1 plus PD-1; maximum-signal control
G7,control,no_inhibitor,,7,PD-L1 plus PD-1; maximum-signal control
G8,control,no_inhibitor,,8,PD-L1 plus PD-1; maximum-signal control
G9,control,no_pdl1,,1,PD-1 detection mixture without PD-L1
G10,control,no_pdl1,,2,PD-1 detection mixture without PD-L1
G11,control,no_pdl1,,3,PD-1 detection mixture without PD-L1
G12,control,no_pdl1,,4,PD-1 detection mixture without PD-L1
H1,control,no_pdl1,,5,PD-1 detection mixture without PD-L1
H2,control,no_pdl1,,6,PD-1 detection mixture without PD-L1
H3,control,no_pdl1,,7,PD-1 detection mixture without PD-L1
H4,control,no_pdl1,,8,PD-1 detection mixture without PD-L1
H5,control,blank,,1,buffer and detection reagents only
H6,control,blank,,2,buffer and detection reagents only
H7,control,blank,,3,buffer and detection reagents only
H8,control,blank,,4,buffer and detection reagents only
H9,control,blank,,5,buffer and detection reagents only
H10,control,blank,,6,buffer and detection reagents only
H11,control,blank,,7,buffer and detection reagents only
H12,control,blank,,8,buffer and detection reagents only
