observation_index,observation_id,observation_id_json,x,y,in_tissue,total_counts,n_genes_by_counts,Slc17a7_X,Gad1_X
0,"AAAGACCCAAGTCGCG-1","{""value"":""AAAGACCCAAGTCGCG-1""}",1575,98,true,34447,6334,3.2696516513824463,1.748183250427246
1,"AAAGGGATGTAGCAAG-1","{""value"":""AAAGGGATGTAGCAAG-1""}",2538,1774,true,13180,3637,3.3273723125457764,1.6357059478759766
2,"AAAGTCACTGATGTAA-1","{""value"":""AAAGTCACTGATGTAA-1""}",1850,98,true,64908,8172,3.264988422393799,2.146392345428467
3,"AAATGGCATGTCTTGT-1","{""value"":""AAATGGCATGTCTTGT-1""}",3020,457,true,34223,6414,3.275928497314453,0
4,"AAATGGTCAATGTGCC-1","{""value"":""AAATGGTCAATGTGCC-1""}",1781,2851,true,20293,4851,2.4628336429595947,0
5,"AAATTAACGGGTAGCT-1","{""value"":""AAATTAACGGGTAGCT-1""}",2263,2971,true,16746,4200,2.015742778778076,0.9656807780265808
6,"AACAACTGGTAGTTGC-1","{""value"":""AACAACTGGTAGTTGC-1""}",1162,2253,true,18933,4777,2.7335562705993652,0
7,"AACAGGAAATCGAATA-1","{""value"":""AACAGGAAATCGAATA-1""}",2882,696,true,46447,7442,3.243816375732422,1.9263789653778076
8,"AACAGGATGGGCCGCG-1","{""value"":""AACAGGATGGGCCGCG-1""}",405,2373,true,27791,5972,1.7750675678253174,0
9,"AACCATGGGATCGCTA-1","{""value"":""AACCATGGGATCGCTA-1""}",336,577,true,16556,4066,1.7809898853302002,0.9727630019187927
10,"AACCCAGAGACGGAGA-1","{""value"":""AACCCAGAGACGGAGA-1""}",956,696,true,14135,3681,2.6734163761138916,0
11,"AACCGAGCTTGGTCAT-1","{""value"":""AACCGAGCTTGGTCAT-1""}",3089,1774,true,16677,4410,2.942610025405884,3.0252177715301514
12,"AACCGTTGTGTTTGCT-1","{""value"":""AACCGTTGTGTTTGCT-1""}",2676,337,true,24920,5691,3.487380027770996,1.4537957906723022
13,"AACGATAGAAGGGCCG-1","{""value"":""AACGATAGAAGGGCCG-1""}",1919,696,true,19408,4437,2.0815582275390625,0.876880407333374
14,"AACGCGGTCTCCAGCC-1","{""value"":""AACGCGGTCTCCAGCC-1""}",2745,1654,true,70669,8701,3.564023971557617,1.4971742630004883
15,"AACGTCAGACTAGTGG-1","{""value"":""AACGTCAGACTAGTGG-1""}",1025,1774,true,116819,10199,3.068916082382202,2.357053279876709
16,"AACGTGCGAAAGTCTC-1","{""value"":""AACGTGCGAAAGTCTC-1""}",3364,3210,true,38147,6735,2.096975564956665,0.5389178395271301
17,"AACTCGATGGCGCAGT-1","{""value"":""AACTCGATGGCGCAGT-1""}",130,218,true,18309,4571,3.425973892211914,0.9113300442695618
18,"AACTGATATTAGGCCT-1","{""value"":""AACTGATATTAGGCCT-1""}",2813,816,true,26844,5756,3.4798550605773926,1.8039169311523438
19,"AACTGGGTCCCGACGT-1","{""value"":""AACTGGGTCCCGACGT-1""}",2813,1295,true,20535,4932,2.452082633972168,1.2955834865570068
20,"AACTTGCCCGTATGCA-1","{""value"":""AACTTGCCCGTATGCA-1""}",130,2373,true,33773,6538,0.9604963064193726,1.441252589225769
21,"AAGACTGCAAGCTACT-1","{""value"":""AAGACTGCAAGCTACT-1""}",2951,3210,true,15925,3745,0.9970703125,0
22,"AAGAGATGAATCGGTA-1","{""value"":""AAGAGATGAATCGGTA-1""}",130,2133,true,34317,6381,2.275324821472168,1.4290995597839355
23,"AAGCTCGTGCCAAGTC-1","{""value"":""AAGCTCGTGCCAAGTC-1""}",3295,3091,true,11997,3126,1.712109088897705,1.1848870515823364
24,"AAGGAGCGGTTGGTGC-1","{""value"":""AAGGAGCGGTTGGTGC-1""}",1575,2253,true,28561,6297,2.6638524532318115,0
25,"AAGGCGCGTAAAGCTT-1","{""value"":""AAGGCGCGTAAAGCTT-1""}",887,1774,true,98267,9734,3.2453596591949463,1.9598745107650757
26,"AAGGCTGTGCTCATCG-1","{""value"":""AAGGCTGTGCTCATCG-1""}",1437,2492,true,18552,4995,3.0001189708709717,0.9035304188728333
27,"AAGTAGAAGACCGGGT-1","{""value"":""AAGTAGAAGACCGGGT-1""}",1506,1175,true,10469,2989,2.8100101947784424,1.8250914812088013
28,"AAGTAGTGACGCGAGG-1","{""value"":""AAGTAGTGACGCGAGG-1""}",405,2851,true,18342,4835,2.293515682220459,0
29,"AATAACAACGCTCGGC-1","{""value"":""AATAACAACGCTCGGC-1""}",337,3211,true,31302,6377,1.2838208675384521,0.6260111927986145
30,"AATCCAAGGGCCTGAG-1","{""value"":""AATCCAAGGGCCTGAG-1""}",1506,457,true,37275,6825,3.5652074813842773,0
31,"AATGACTGTCAGCCGG-1","{""value"":""AATGACTGTCAGCCGG-1""}",1506,1654,true,14753,3714,3.0590922832489014,1.5459444522857666
32,"AATGCAACCGGGTACC-1","{""value"":""AATGCAACCGGGTACC-1""}",2332,1894,true,16480,4116,3.370732307434082,2.3903748989105225
33,"AATGGTTCTCACAAGC-1","{""value"":""AATGGTTCTCACAAGC-1""}",680,1175,true,9065,2762,3.4355874061584473,1.387534737586975
34,"AATTTGGTTCCAAAGA-1","{""value"":""AATTTGGTTCCAAAGA-1""}",2882,217,true,33141,6446,3.6371476650238037,1.2428730726242065
35,"ACAACAGCATGAGCTA-1","{""value"":""ACAACAGCATGAGCTA-1""}",3226,2731,true,25266,5497,1.8547420501708984,3.2501509189605713
36,"ACAACGGTCCCTGCGA-1","{""value"":""ACAACGGTCCCTGCGA-1""}",336,1534,true,21690,5095,3.04897403717041,0.8135294318199158
37,"ACAAGGACAAGAGGTT-1","{""value"":""ACAAGGACAAGAGGTT-1""}",818,2372,true,26978,6076,1.7997897863388062,0.6979731321334839
38,"ACAATCCATTTAAACC-1","{""value"":""ACAATCCATTTAAACC-1""}",474,3211,true,18703,4759,1.3642768859863281,0
39,"ACACAAAGACGGGTGG-1","{""value"":""ACACAAAGACGGGTGG-1""}",2125,1774,true,20877,4962,2.642589807510376,2.642589807510376
40,"ACACACTTTCTACACG-1","{""value"":""ACACACTTTCTACACG-1""}",2676,577,true,31441,6166,3.3874149322509766,1.2806651592254639
41,"ACACCCAGCATGCAGC-1","{""value"":""ACACCCAGCATGCAGC-1""}",1713,1774,true,16744,3999,3.168567657470703,0.9657177329063416
42,"ACACCCGAGAAATCCG-1","{""value"":""ACACCCGAGAAATCCG-1""}",956,1175,true,8860,2750,2.967585802078247,0
43,"ACACCTTAAGTAGGGC-1","{""value"":""ACACCTTAAGTAGGGC-1""}",1231,1894,true,83388,9335,3.0564403533935547,1.371123194694519
44,"ACACGAGACTCCTTCT-1","{""value"":""ACACGAGACTCCTTCT-1""}",3158,2612,true,17649,4166,3.4119813442230225,0
45,"ACACGGGAACTTAGGG-1","{""value"":""ACACGGGAACTTAGGG-1""}",3157,2133,true,17137,4363,3.4901561737060547,2.191404104232788
46,"ACAGCATAGAGCCAGT-1","{""value"":""ACAGCATAGAGCCAGT-1""}",2263,98,true,45317,7534,2.9139769077301025,2.9139769077301025
47,"ACATAATAAGGCGGTG-1","{""value"":""ACATAATAAGGCGGTG-1""}",2607,1415,true,43789,7268,3.561427593231201,0.48369842767715454
48,"ACCAAGAACGCGTGTC-1","{""value"":""ACCAAGAACGCGTGTC-1""}",1644,936,true,85177,9066,3.3157272338867188,1.4345800876617432
49,"ACCACAAGTTTCTATC-1","{""value"":""ACCACAAGTTTCTATC-1""}",1988,2492,true,19485,4824,3.1512610912323,0
50,"ACCCATCTTGAGGGTA-1","{""value"":""ACCCATCTTGAGGGTA-1""}",818,3330,true,19494,4912,2.6082143783569336,0
51,"ACCCTTCATCTGCGAA-1","{""value"":""ACCCTTCATCTGCGAA-1""}",2745,457,true,39311,7033,3.228902816772461,0.5264503359794617
52,"ACCGACTGAGTCCCAC-1","{""value"":""ACCGACTGAGTCCCAC-1""}",2813,2253,true,15591,3834,3.2371981143951416,2.0780935287475586
53,"ACCTAATCGACTTCCT-1","{""value"":""ACCTAATCGACTTCCT-1""}",337,2732,true,22304,5325,1.5399099588394165,0.7981331944465637
54,"ACGATCATACATAGAG-1","{""value"":""ACGATCATACATAGAG-1""}",2607,1893,true,15228,3966,3.18849778175354,1.0255444049835205
55,"ACGATGCATATGTTAT-1","{""value"":""ACGATGCATATGTTAT-1""}",1231,3330,true,26097,5800,2.6045515537261963,0
56,"ACGATGGATCCGATGC-1","{""value"":""ACGATGGATCCGATGC-1""}",3089,98,true,36053,6564,3.4410488605499268,2.3091540336608887
57,"ACGCATTCGTGAGTAC-1","{""value"":""ACGCATTCGTGAGTAC-1""}",2469,2851,true,23596,5706,2.070164680480957,1.495835542678833
58,"ACGCCAGATGATTTCT-1","{""value"":""ACGCCAGATGATTTCT-1""}",3295,936,true,40164,6977,3.2353646755218506,2.212501287460327
59,"ACGCGGGCCAAGGACA-1","{""value"":""ACGCGGGCCAAGGACA-1""}",2538,2971,true,34722,7124,1.8705893754959106,0
60,"ACGGAATTTAGCAAAT-1","{""value"":""ACGGAATTTAGCAAAT-1""}",130,696,true,20957,4791,2.014718532562256,0
61,"ACGTACAGATTTCTCT-1","{""value"":""ACGTACAGATTTCTCT-1""}",2813,98,true,28153,5986,3.059492349624634,2.167876720428467
62,"ACGTAGATTGCTGATG-1","{""value"":""ACGTAGATTGCTGATG-1""}",2882,2851,true,15575,4143,2.5834038257598877,2.7074506282806396
63,"ACGTGCGCCTCGTGCA-1","{""value"":""ACGTGCGCCTCGTGCA-1""}",2607,936,true,17981,4807,2.683271646499634,0
64,"ACGTTTAGTTGTGATC-1","{""value"":""ACGTTTAGTTGTGATC-1""}",2951,577,true,25202,5695,3.0697181224823,1.6720997095108032
65,"ACTACCAGCTCTCTGG-1","{""value"":""ACTACCAGCTCTCTGG-1""}",1093,1894,true,73501,9201,3.3855555057525635,2.084547758102417
66,"ACTATTCGTCCGTGGT-1","{""value"":""ACTATTCGTCCGTGGT-1""}",3364,577,true,28540,6126,3.3560943603515625,1.9060207605361938
67,"ACTCAATAAAGGCACG-1","{""value"":""ACTCAATAAAGGCACG-1""}",3020,1893,true,30880,5969,3.2114686965942383,2.370487928390503
68,"ACTCTTGTATAGTAAC-1","{""value"":""ACTCTTGTATAGTAAC-1""}",3089,3210,true,14672,3760,1.550386667251587,0
69,"ACTGCCGTCGTAACTC-1","{""value"":""ACTGCCGTCGTAACTC-1""}",3089,816,true,36827,6733,3.370920419692993,1.1690211296081543
70,"ACTGTAGCACTTTGGA-1","{""value"":""ACTGTAGCACTTTGGA-1""}",956,2133,true,8050,2547,2.4114785194396973,1.4778425693511963
71,"ACTGTATACGCGAGCA-1","{""value"":""ACTGTATACGCGAGCA-1""}",749,98,true,28241,5964,3.4614596366882324,1.35929536819458
72,"ACTGTCCAGGATTATA-1","{""value"":""ACTGTCCAGGATTATA-1""}",2057,2851,true,23631,5474,2.068943500518799,0
73,"ACTGTCTTCTTTAGAA-1","{""value"":""ACTGTCTTCTTTAGAA-1""}",2676,2492,true,22436,5037,3.715202569961548,1.2320637702941895
74,"ACTGTGCTAGTAGATC-1","{""value"":""ACTGTGCTAGTAGATC-1""}",405,457,true,15047,4071,3.2001562118530273,0
75,"ACTTAGTACGACAAGA-1","{""value"":""ACTTAGTACGACAAGA-1""}",474,577,true,15708,3836,2.071443557739258,1.8249045610427856
76,"ACTTCGCCATACGCAC-1","{""value"":""ACTTCGCCATACGCAC-1""}",3433,2133,true,29279,6665,2.3324551582336426,1.3326199054718018
77,"ACTTGGGACCCGGTGG-1","{""value"":""ACTTGGGACCCGGTGG-1""}",1644,2372,true,16251,4142,2.5441293716430664,1.4706447124481201
78,"ACTTTCCTATAGCTTC-1","{""value"":""ACTTTCCTATAGCTTC-1""}",2538,2253,true,10864,3160,2.1427271366119385,0
79,"AGAACGTGGTACATTC-1","{""value"":""AGAACGTGGTACATTC-1""}",3295,2133,true,16376,3976,2.9599294662475586,0
80,"AGACCATGGGATACAA-1","{""value"":""AGACCATGGGATACAA-1""}",199,1535,true,76666,8633,3.306565284729004,1.141582727432251
81,"AGACCCGCCCTCCTCG-1","{""value"":""AGACCCGCCCTCCTCG-1""}",2125,2013,true,14561,3884,2.7703585624694824,3.490406036376953
82,"AGACTAGCCTTCCAGA-1","{""value"":""AGACTAGCCTTCCAGA-1""}",1437,2253,true,30107,6334,2.307307481765747,0.6443420648574829
83,"AGAGCGGGCTAATCAT-1","{""value"":""AGAGCGGGCTAATCAT-1""}",2676,816,true,42821,7373,3.5652527809143066,0.49230390787124634
84,"AGAGCGTACAAGCTCG-1","{""value"":""AGAGCGTACAAGCTCG-1""}",199,1774,true,12764,3718,3.106480121612549,1.6617368459701538
85,"AGATAACTTCAGGGCC-1","{""value"":""AGATAACTTCAGGGCC-1""}",1300,2732,true,23113,5632,2.3444390296936035,1.2110047340393066
86,"AGATACGACTTCATAT-1","{""value"":""AGATACGACTTCATAT-1""}",680,696,true,19985,4918,2.056006669998169,2.5852391719818115
87,"AGATCTCAGGTGTGAT-1","{""value"":""AGATCTCAGGTGTGAT-1""}",3433,2372,true,24872,5234,2.384697914123535,0
88,"AGATGACTCGCCCACG-1","{""value"":""AGATGACTCGCCCACG-1""}",2057,1415,true,18801,4412,3.1237072944641113,1.676367163658142
89,"AGATTATAGGACGTTT-1","{""value"":""AGATTATAGGACGTTT-1""}",1988,3210,true,20925,5007,2.175960063934326,0
90,"AGCACCAGTACTCACG-1","{""value"":""AGCACCAGTACTCACG-1""}",2745,2133,true,11402,3106,3.306033134460449,2.100025177001953
91,"AGCACTTAAGGACGCC-1","{""value"":""AGCACTTAAGGACGCC-1""}",681,2612,true,22015,5317,1.5500645637512207,0
92,"AGCATCGTCGATAATT-1","{""value"":""AGCATCGTCGATAATT-1""}",1850,1534,true,19700,4369,3.198885440826416,1.3258322477340698
93,"AGCCCTAAGCGAAGTT-1","{""value"":""AGCCCTAAGCGAAGTT-1""}",2745,696,true,25453,5469,3.3611886501312256,2.0042858123779297
94,"AGCGACATCCCATTCA-1","{""value"":""AGCGACATCCCATTCA-1""}",2332,936,true,21881,4852,2.394132137298584,0
95,"AGCGACCAACGATATT-1","{""value"":""AGCGACCAACGATATT-1""}",2057,1894,true,16804,3934,3.0181140899658203,1.4450618028640747
96,"AGCGGGAAGGGTCCAT-1","{""value"":""AGCGGGAAGGGTCCAT-1""}",818,457,true,26419,5613,3.813999652862549,0.7085098624229431
97,"AGCTATTTAATCCAAC-1","{""value"":""AGCTATTTAATCCAAC-1""}",3364,816,true,29535,5847,3.1803691387176514,1.326192855834961
98,"AGGACATCGCACGTCG-1","{""value"":""AGGACATCGCACGTCG-1""}",887,816,true,56322,8042,3.369051694869995,1.0765538215637207
99,"AGGCCACCCGTTATGA-1","{""value"":""AGGCCACCCGTTATGA-1""}",887,2253,true,34084,6730,2.103212833404541,1.434285044670105
100,"AGGCCCATTGTACAGG-1","{""value"":""AGGCCCATTGTACAGG-1""}",2057,696,true,36509,6797,2.616150140762329,0.9131302833557129
101,"AGGCTATGGTTAGCTT-1","{""value"":""AGGCTATGGTTAGCTT-1""}",337,2013,true,11429,3352,2.097949743270874,0
102,"AGGGCGTGATCGGCTA-1","{""value"":""AGGGCGTGATCGGCTA-1""}",1368,936,true,52585,7798,3.3482167720794678,0.41736823320388794
103,"AGGGCTGCAGTTACAG-1","{""value"":""AGGGCTGCAGTTACAG-1""}",2745,3091,true,13842,3888,1.5964940786361694,1.0878374576568604
104,"AGGGTTTAGTTCGGGA-1","{""value"":""AGGGTTTAGTTCGGGA-1""}",2607,2851,true,10713,3000,3.1732070446014404,0
105,"AGGTAACCTCCTATTC-1","{""value"":""AGGTAACCTCCTATTC-1""}",1093,457,true,27371,5915,3.1734910011291504,1.3827253580093384
106,"AGGTAGGTACAAAGCT-1","{""value"":""AGGTAGGTACAAAGCT-1""}",405,3091,true,39573,7148,1.1200560331344604,0
107,"AGGTTGAGGCACGCTT-1","{""value"":""AGGTTGAGGCACGCTT-1""}",3364,1534,true,29870,6399,3.278442144393921,1.0381138324737549
108,"AGTAATGTCTTGCCGC-1","{""value"":""AGTAATGTCTTGCCGC-1""}",2401,816,true,27329,5714,2.6359264850616455,1.0963654518127441
109,"AGTAGGTAACATACAT-1","{""value"":""AGTAGGTAACATACAT-1""}",1781,457,true,43727,7217,3.430821418762207,0.8091140985488892
110,"AGTATAATACTAGGCA-1","{""value"":""AGTATAATACTAGGCA-1""}",543,1894,true,17633,4796,2.592061996459961,0
111,"AGTCAGCCACCGCCTG-1","{""value"":""AGTCAGCCACCGCCTG-1""}",199,816,true,13479,3848,2.4074623584747314,1.1056370735168457
112,"AGTCGGCCCAAACGAC-1","{""value"":""AGTCGGCCCAAACGAC-1""}",956,1894,true,78797,9194,3.253847599029541,1.5691578388214111
113,"AGTCTTCTCCTCAAAT-1","{""value"":""AGTCTTCTCCTCAAAT-1""}",2813,1774,true,51292,7727,3.8543834686279297,1.5512158870697021
114,"AGTTCCTACAGAATTA-1","{""value"":""AGTTCCTACAGAATTA-1""}",1713,2492,true,28768,6158,1.7464256286621094,1.0625110864639282
115,"AGTTTCGCAGGTCGGA-1","{""value"":""AGTTTCGCAGGTCGGA-1""}",2538,337,true,35496,6626,3.35429048538208,0.5694921016693115
116,"ATAAAGGCTCGGTCGT-1","{""value"":""ATAAAGGCTCGGTCGT-1""}",1713,2971,true,25356,5573,1.6670904159545898,1.1468839645385742
117,"ATAACGGAGTCCAACG-1","{""value"":""ATAACGGAGTCCAACG-1""}",3433,1893,true,29015,5977,1.559308648109436,1.559308648109436
118,"ATAATAGTGTAGGGAC-1","{""value"":""ATAATAGTGTAGGGAC-1""}",336,1056,true,20582,4906,1.6034631729125977,2.030385971069336
119,"ATACCACGGGCAACTT-1","{""value"":""ATACCACGGGCAACTT-1""}",268,3091,true,39983,6845,1.1130889654159546,0
120,"ATACTAGCATGACCCT-1","{""value"":""ATACTAGCATGACCCT-1""}",2469,1415,true,52821,7899,3.5995473861694336,1.274910807609558
121,"ATAGACGAAGAGAAAG-1","{""value"":""ATAGACGAAGAGAAAG-1""}",1369,2851,true,25501,5421,1.662530779838562,0
122,"ATAGAGTACTGGGACA-1","{""value"":""ATAGAGTACTGGGACA-1""}",1575,2013,true,66354,8611,3.748600721359253,1.2421544790267944
123,"ATAGGGATATCCTTGA-1","{""value"":""ATAGGGATATCCTTGA-1""}",3157,1415,true,19624,4802,2.6021063327789307,1.3286726474761963
124,"ATAGGTTGGGCAGATG-1","{""value"":""ATAGGTTGGGCAGATG-1""}",2676,2253,true,11829,3260,2.695665121078491,2.3233916759490967
125,"ATATCTTAGGGCCTTC-1","{""value"":""ATATCTTAGGGCCTTC-1""}",2470,3091,true,25684,5800,1.8409847021102905,1.6567399501800537
126,"ATATTCCCACAGGTCA-1","{""value"":""ATATTCCCACAGGTCA-1""}",2332,217,true,33564,6329,2.7984302043914795,1.89921236038208
127,"ATATTGCTGTCAAAGT-1","{""value"":""ATATTGCTGTCAAAGT-1""}",474,1056,true,15031,4084,3.201176881790161,1.0340441465377808
128,"ATATTTAACCCTCAAG-1","{""value"":""ATATTTAACCCTCAAG-1""}",2057,2612,true,23115,5589,2.862086057662964,0
129,"ATCAATCTGGGCTGCA-1","{""value"":""ATCAATCTGGGCTGCA-1""}",2745,2851,true,14342,3736,2.995285987854004,1.5682439804077148
130,"ATCACTTCATCCTCGC-1","{""value"":""ATCACTTCATCCTCGC-1""}",2882,1415,true,14824,3913,2.9639103412628174,1.5421684980392456
131,"ATCCAACGCAGTCATA-1","{""value"":""ATCCAACGCAGTCATA-1""}",818,1894,true,73689,9245,3.3049044609069824,2.251523971557617
132,"ATCGACTCTTTCCGTT-1","{""value"":""ATCGACTCTTTCCGTT-1""}",2469,1654,true,14201,3781,3.570258617401123,1.0709322690963745
133,"ATCGCACGCCGGGAGA-1","{""value"":""ATCGCACGCCGGGAGA-1""}",2194,1894,true,12261,3263,2.662485361099243,0
134,"ATCTCCCTGCAATCTA-1","{""value"":""ATCTCCCTGCAATCTA-1""}",3226,816,true,36173,6764,3.1608312129974365,1.7080225944519043
135,"ATCTGTAATTGTACCC-1","{""value"":""ATCTGTAATTGTACCC-1""}",2194,696,true,26031,5733,3.038877248764038,1.6458930969238281
136,"ATCTTGACCTGCAACG-1","{""value"":""ATCTTGACCTGCAACG-1""}",1300,2013,true,44026,7333,3.1990609169006348,1.2455037832260132
137,"ATGAAGCCAAGGAGCC-1","{""value"":""ATGAAGCCAAGGAGCC-1""}",1437,1534,true,11400,3015,2.8749465942382812,0
138,"ATGACGCCGGCTCTAA-1","{""value"":""ATGACGCCGGCTCTAA-1""}",2263,816,true,29075,5880,2.0226285457611084,0
139,"ATGAGGAGTGTTAATC-1","{""value"":""ATGAGGAGTGTTAATC-1""}",681,1894,true,77319,9138,3.4982898235321045,1.8926184177398682
140,"ATGATCGGGAATAGAC-1","{""value"":""ATGATCGGGAATAGAC-1""}",1988,816,true,17055,4334,2.6229336261749268,1.433659553527832
141,"ATGCACTACCGCATTG-1","{""value"":""ATGCACTACCGCATTG-1""}",1369,2133,true,13025,3421,2.438554286956787,1.1285895109176636
142,"ATGCATGATCCAGGAT-1","{""value"":""ATGCATGATCCAGGAT-1""}",2745,1893,true,15779,3955,3.7478020191192627,1.4934231042861938
143,"ATGCCGGTCTTGCATA-1","{""value"":""ATGCCGGTCTTGCATA-1""}",3433,2612,true,18732,4543,2.1127500534057617,0
144,"ATGCGACAGTCCCATT-1","{""value"":""ATGCGACAGTCCCATT-1""}",3158,3091,true,18415,4344,1.9339686632156372,0.9079467058181763
145,"ATGCTCAGTGTTGCAT-1","{""value"":""ATGCTCAGTGTTGCAT-1""}",268,1415,true,32397,6218,3.1655173301696777,0.6101882457733154
146,"ATGGAGCAGGCCGTGA-1","{""value"":""ATGGAGCAGGCCGTGA-1""}",2814,3210,true,14704,3688,1.0481443405151367,0
147,"ATGGATTGACCAAACG-1","{""value"":""ATGGATTGACCAAACG-1""}",2469,2133,true,16055,3944,3.208974599838257,0.9920258522033691
148,"ATGTGCATCCGACGCA-1","{""value"":""ATGTGCATCCGACGCA-1""}",2194,1654,true,21230,5051,2.163057804107666,2.529444694519043
149,"ATGTTACGAGCAATAC-1","{""value"":""ATGTTACGAGCAATAC-1""}",268,696,true,17345,4209,0.9440963864326477,0
150,"ATTAATACTACGCGGG-1","{""value"":""ATTAATACTACGCGGG-1""}",2813,1534,true,19492,4874,3.089277744293213,0.874390721321106
151,"ATTAATTCGGTCACTC-1","{""value"":""ATTAATTCGGTCACTC-1""}",2813,577,true,36039,6792,3.7687065601348877,1.9525004625320435
152,"ATTACTAGCCTCTTGC-1","{""value"":""ATTACTAGCCTCTTGC-1""}",1300,1056,true,15293,4214,3.1846652030944824,2.835169792175293
153,"ATTAGATTGATAGCGG-1","{""value"":""ATTAGATTGATAGCGG-1""}",1644,1175,true,18286,4382,3.2121856212615967,0.912114679813385
154,"ATTAGGCGATGCTTTC-1","{""value"":""ATTAGGCGATGCTTTC-1""}",3158,3330,true,21441,4937,0.8199222087860107,0
155,"ATTATGCCATAGGGAG-1","{""value"":""ATTATGCCATAGGGAG-1""}",1919,1415,true,13199,3463,3.3259835243225098,1.6345462799072266
156,"ATTCCTCCGCCAGTGC-1","{""value"":""ATTCCTCCGCCAGTGC-1""}",956,1654,true,13379,3891,3.152543783187866,1.6237173080444336
157,"ATTCTCGTCTCTTTAG-1","{""value"":""ATTCTCGTCTCTTTAG-1""}",1781,217,true,33030,6444,3.110901355743408,2.6528632640838623
158,"ATTGAAGATCTTAGTG-1","{""value"":""ATTGAAGATCTTAGTG-1""}",1644,2612,true,24962,5730,3.0788071155548096,0.737729549407959
159,"ATTGCTGCTCCTCCAT-1","{""value"":""ATTGCTGCTCCTCCAT-1""}",1231,3091,true,16043,4454,2.556178092956543,0
160,"ATTGGGAATATCTTGG-1","{""value"":""ATTGGGAATATCTTGG-1""}",1850,337,true,29817,6152,3.4387052059173584,1.5377558469772339
161,"ATTTAACTCGTATTAC-1","{""value"":""ATTTAACTCGTATTAC-1""}",1850,577,true,27903,5760,3.5030605792999268,0
162,"ATTTACAGTTTACTGG-1","{""value"":""ATTTACAGTTTACTGG-1""}",887,2492,true,12142,3680,1.1766761541366577,1.1766761541366577
163,"ATTTGTTCCAGGGCTC-1","{""value"":""ATTTGTTCCAGGGCTC-1""}",3157,1175,true,24406,5437,3.2835397720336914,1.1731553077697754
164,"CAAACGGTCGCACTTT-1","{""value"":""CAAACGGTCGCACTTT-1""}",1025,2492,true,22755,5350,1.9437795877456665,0.7871020436286926
165,"CAAACTATTGAGCTTC-1","{""value"":""CAAACTATTGAGCTTC-1""}",3433,217,true,22155,5185,2.8323233127593994,1.5451804399490356
166,"CAAATTGTCAGCAAGC-1","{""value"":""CAAATTGTCAGCAAGC-1""}",2882,457,true,34075,6491,3.2800989151000977,2.5641701221466064
167,"CAACGACCCGTTTACA-1","{""value"":""CAACGACCCGTTTACA-1""}",1713,1295,true,15630,4020,2.5801451206207275,2.075795888900757
168,"CAACGGTTCTTGATAC-1","{""value"":""CAACGGTTCTTGATAC-1""}",887,1056,true,8268,2529,2.387293577194214,0
169,"CAACTCCTTGATCCCG-1","{""value"":""CAACTCCTTGATCCCG-1""}",1437,1056,true,11178,3154,3.3251538276672363,0
170,"CAAGCAACGTCGGAGT-1","{""value"":""CAAGCAACGTCGGAGT-1""}",887,2732,true,26879,5832,1.802797555923462,0
171,"CAAGCACCAAATGCCT-1","{""value"":""CAAGCACCAAATGCCT-1""}",2813,1055,true,23383,5268,2.977421998977661,1.2028645277023315
172,"CAATAAACCTTGGCCC-1","{""value"":""CAATAAACCTTGGCCC-1""}",3364,2013,true,34491,7007,2.86706280708313,1.214713215827942
173,"CAATTAAGGGTGATGA-1","{""value"":""CAATTAAGGGTGATGA-1""}",2745,2372,true,12820,3354,3.354236125946045,1.998056173324585
174,"CAATTTCGTATAAGGG-1","{""value"":""CAATTTCGTATAAGGG-1""}",2607,3330,true,21327,5400,0,2.7113053798675537
175,"CACACAGGGATAGATT-1","{""value"":""CACACAGGGATAGATT-1""}",130,1894,true,9253,2729,3.0730323791503906,1.9297528266906738
176,"CACAGCACCCACGGCA-1","{""value"":""CACAGCACCCACGGCA-1""}",2332,2612,true,21654,5165,2.853868007659912,0.8145060539245605
177,"CACAGCTAGGGAGTGA-1","{""value"":""CACAGCTAGGGAGTGA-1""}",2401,1295,true,82999,9003,3.4813802242279053,1.7217686176300049
178,"CACCATCGGAGGAGAC-1","{""value"":""CACCATCGGAGGAGAC-1""}",2469,217,true,49302,7594,3.2311553955078125,1.325049877166748
179,"CACCCACACGTCACCC-1","{""value"":""CACCCACACGTCACCC-1""}",1231,936,true,25619,5623,3.149617910385132,0.7242570519447327
180,"CACCGCCAGAAGGTTT-1","{""value"":""CACCGCCAGAAGGTTT-1""}",2332,2133,true,9307,2560,2.7496559619903564,0
181,"CACCTAATCAGTTTAC-1","{""value"":""CACCTAATCAGTTTAC-1""}",3226,1295,true,26907,5815,3.445894241333008,0
182,"CACCTCGATGGTGGAC-1","{""value"":""CACCTCGATGGTGGAC-1""}",3089,1055,true,49649,7644,3.4570796489715576,2.222425937652588
183,"CACGAAAGTTAGTCCC-1","{""value"":""CACGAAAGTTAGTCCC-1""}",268,2851,true,27399,5885,1.0946626663208008,0.6901865005493164
184,"CACGCACAGCGCAGCT-1","{""value"":""CACGCACAGCGCAGCT-1""}",3226,1774,true,27672,6550,2.818375587463379,1.0881249904632568
185,"CACGCAGCGAGGCTTT-1","{""value"":""CACGCAGCGAGGCTTT-1""}",1231,2612,true,18179,4526,1.7038025856018066,0
186,"CACTAAAGTTGCCTAT-1","{""value"":""CACTAAAGTTGCCTAT-1""}",1781,3091,true,18195,4591,0,0
187,"CACTCAGCTCTTGAGG-1","{""value"":""CACTCAGCTCTTGAGG-1""}",3157,217,true,37111,6875,3.1039490699768066,1.8144906759262085
188,"CACTGTCCAAGTGAGA-1","{""value"":""CACTGTCCAAGTGAGA-1""}",1231,1175,true,10704,2992,2.9344916343688965,1.265414834022522
189,"CACTTAATCAGACGGA-1","{""value"":""CACTTAATCAGACGGA-1""}",1575,2971,true,22471,5422,2.4774866104125977,0
190,"CACTTCGCCACAGGCT-1","{""value"":""CACTTCGCCACAGGCT-1""}",405,1415,true,32280,6408,3.132918119430542,0.9887065291404724
191,"CAGAGCATGAGCTTGC-1","{""value"":""CAGAGCATGAGCTTGC-1""}",3089,2013,true,29844,6056,3.6950204372406006,1.9999854564666748
192,"CAGATACTAACATAGT-1","{""value"":""CAGATACTAACATAGT-1""}",1437,2013,true,113417,10087,3.1602635383605957,2.104788303375244
193,"CAGCTCACTGAGACAT-1","{""value"":""CAGCTCACTGAGACAT-1""}",2332,2851,true,26903,6018,2.409118413925171,1.106854796409607
194,"CAGCTCGTGCTTGTGT-1","{""value"":""CAGCTCGTGCTTGTGT-1""}",1162,577,true,20128,4804,2.2104194164276123,1.3100917339324951
195,"CAGCTTAGTAGGTAGC-1","{""value"":""CAGCTTAGTAGGTAGC-1""}",199,2732,true,14693,3931,0,2.1300110816955566
196,"CAGTGTCCGCAGAATG-1","{""value"":""CAGTGTCCGCAGAATG-1""}",818,696,true,14914,4117,2.315695285797119,2.4814305305480957
197,"CAGTTCAAATTGACAC-1","{""value"":""CAGTTCAAATTGACAC-1""}",1781,2372,true,23150,5349,2.790984630584717,1.209972858428955
198,"CATACAAAGCCGAACC-1","{""value"":""CATACAAAGCCGAACC-1""}",680,457,true,24600,5197,2.986847162246704,1.691747784614563
199,"CATACCCGTACCCAGT-1","{""value"":""CATACCCGTACCCAGT-1""}",405,3330,true,28130,5790,1.3621972799301147,0
200,"CATACTATGTAATTGT-1","{""value"":""CATACTATGTAATTGT-1""}",1575,3210,true,25091,5654,2.151646375656128,0
201,"CATAGTAGCATAGTAG-1","{""value"":""CATAGTAGCATAGTAG-1""}",1369,1175,true,7354,2285,1.548349142074585,2.1291120052337646
202,"CATCATCTACCCGGAC-1","{""value"":""CATCATCTACCCGGAC-1""}",3020,217,true,26224,5749,3.368776559829712,1.6398730278015137
203,"CATCGCCCGCGGCCAA-1","{""value"":""CATCGCCCGCGGCCAA-1""}",1300,577,true,17773,3749,2.694221019744873,0
204,"CATGAACCGACATTTG-1","{""value"":""CATGAACCGACATTTG-1""}",1231,218,true,24507,5286,3.3978140354156494,0.7473925948143005
205,"CATGATGCACAATTCT-1","{""value"":""CATGATGCACAATTCT-1""}",3020,1415,true,27935,6234,2.461932420730591,1.7708957195281982
206,"CATGCGTTAGACAGAA-1","{""value"":""CATGCGTTAGACAGAA-1""}",2607,696,true,60677,8160,3.421942710876465,0.8530383110046387
207,"CATGCTGGCTCCAATT-1","{""value"":""CATGCTGGCTCCAATT-1""}",2401,337,true,41183,7105,3.63859224319458,1.4602384567260742
208,"CATGGCAGGAAGATCG-1","{""value"":""CATGGCAGGAAGATCG-1""}",2194,936,true,29225,6214,2.3341224193573,2.767113447189331
209,"CATGGTCTAGATACCG-1","{""value"":""CATGGTCTAGATACCG-1""}",2813,2013,true,17626,4332,2.89026141166687,1.7291430234909058
210,"CATTACGTCGGCCCGT-1","{""value"":""CATTACGTCGGCCCGT-1""}",2745,1175,true,15972,4044,2.418804407119751,0
211,"CATTATGCTTGTTGTG-1","{""value"":""CATTATGCTTGTTGTG-1""}",1850,2013,true,20466,4865,3.711747169494629,1.6079416275024414
212,"CCAAACAGAACCCTCG-1","{""value"":""CCAAACAGAACCCTCG-1""}",1575,1534,true,21338,4600,2.6221835613250732,0.8226720690727234
213,"CCAACGATGCACTGAT-1","{""value"":""CCAACGATGCACTGAT-1""}",818,2612,true,31340,6484,2.17733097076416,0
214,"CCAAGACTTCTGCGAA-1","{""value"":""CCAAGACTTCTGCGAA-1""}",2538,1295,true,16744,4233,3.296884775161743,0.9657547473907471
215,"CCAAGCGTAACTCGTA-1","{""value"":""CCAAGCGTAACTCGTA-1""}",3158,2851,true,14859,3752,2.1201772689819336,0
216,"CCAAGGAACAGAGAGG-1","{""value"":""CCAAGGAACAGAGAGG-1""}",1575,577,true,27929,5490,1.9244744777679443,0.6806989312171936
217,"CCAATAGTGCCGTCGA-1","{""value"":""CCAATAGTGCCGTCGA-1""}",1162,2971,true,22694,5401,1.946117877960205,0
218,"CCAATGTCACAGCAAG-1","{""value"":""CCAATGTCACAGCAAG-1""}",1644,3330,true,25462,5586,2.896798849105835,0.7274296283721924
219,"CCAATTGAATGTTAAT-1","{""value"":""CCAATTGAATGTTAAT-1""}",1437,1295,true,16701,4061,2.378171443939209,1.7736941576004028
220,"CCACCCAAGGAAAGTG-1","{""value"":""CCACCCAAGGAAAGTG-1""}",3433,3330,true,64546,7753,1.652543067932129,0.3520811200141907
221,"CCACGAGAAGAGAATC-1","{""value"":""CCACGAGAAGAGAATC-1""}",3433,936,true,50306,7615,3.189784288406372,1.6736806631088257
222,"CCAGCCTGGACCAATA-1","{""value"":""CCAGCCTGGACCAATA-1""}",2745,3330,true,20409,4940,0.8478786945343018,1.3000221252441406
223,"CCAGGGACGTGGCCTC-1","{""value"":""CCAGGGACGTGGCCTC-1""}",1919,2133,true,66636,8218,3.929281234741211,1.2391399145126343
224,"CCATAGGTTGGCGTGG-1","{""value"":""CCATAGGTTGGCGTGG-1""}",2538,1055,true,20718,4957,2.1849076747894287,0
225,"CCATCCATACCAAGTC-1","{""value"":""CCATCCATACCAAGTC-1""}",887,577,true,22397,5113,2.5772993564605713,0
226,"CCATGCCTGTTTAGTA-1","{""value"":""CCATGCCTGTTTAGTA-1""}",1919,3091,true,28799,6115,2.030850410461426,0
227,"CCATGCTCTGCAGGAA-1","{""value"":""CCATGCTCTGCAGGAA-1""}",1231,1415,true,15442,3651,2.8258605003356934,0
228,"CCATTAGCGATAATCC-1","{""value"":""CCATTAGCGATAATCC-1""}",1162,2732,true,42448,7258,2.234469413757324,0.4957053065299988
229,"CCATTCCCTGCCCACA-1","{""value"":""CCATTCCCTGCCCACA-1""}",956,2851,true,15895,4300,2.5645573139190674,0
230,"CCCGACCATAGTCCGC-1","{""value"":""CCCGACCATAGTCCGC-1""}",3364,1295,true,47837,7698,3.2817466259002686,0.7602288722991943
231,"CCCGCCATGCTCCCGT-1","{""value"":""CCCGCCATGCTCCCGT-1""}",1093,1175,true,13364,3574,2.850978136062622,2.4150595664978027
232,"CCCGTCAGCGTCTGAC-1","{""value"":""CCCGTCAGCGTCTGAC-1""}",1781,1654,true,12010,3202,2.8258345127105713,0
233,"CCCTCATTCTGGAATT-1","{""value"":""CCCTCATTCTGGAATT-1""}",1300,816,true,41297,7213,3.33369517326355,0.5065497159957886
234,"CCCTGAAATGAGTTGA-1","{""value"":""CCCTGAAATGAGTTGA-1""}",956,2612,true,30866,6808,2.190828323364258,0
235,"CCGAAAGTGGTGAGCA-1","{""value"":""CCGAAAGTGGTGAGCA-1""}",130,936,true,14552,3750,1.5567548274993896,0
236,"CCGCCGGTCAACACAC-1","{""value"":""CCGCCGGTCAACACAC-1""}",2056,457,true,47912,7390,3.4740664958953857,0.4501219391822815
237,"CCGGAATGGTTTCAGT-1","{""value"":""CCGGAATGGTTTCAGT-1""}",474,1774,true,10453,3512,2.8114476203918457,1.2825058698654175
238,"CCGGCGCATATTGGAT-1","{""value"":""CCGGCGCATATTGGAT-1""}",2125,577,true,36936,6550,3.5100131034851074,0.5524303317070007
239,"CCGGGACCCGCAGAGA-1","{""value"":""CCGGGACCCGCAGAGA-1""}",1850,816,true,18739,4010,3.2469582557678223,0.897575855255127
240,"CCGTACCCAAGCGCCA-1","{""value"":""CCGTACCCAAGCGCCA-1""}",612,337,true,29192,5964,3.265446424484253,0
241,"CCGTGCCCATGACGGC-1","{""value"":""CCGTGCCCATGACGGC-1""}",1575,337,true,29691,6293,3.41296648979187,1.7203965187072754
242,"CCTACGGCTCAGTCGA-1","{""value"":""CCTACGGCTCAGTCGA-1""}",474,816,true,16574,4124,1.45565927028656,0
243,"CCTACTGCTTACACTT-1","{""value"":""CCTACTGCTTACACTT-1""}",1644,2133,true,31159,6243,3.5327515602111816,0.62815922498703
244,"CCTAGTTAGTCGCATG-1","{""value"":""CCTAGTTAGTCGCATG-1""}",3226,337,true,18589,4783,3.1345512866973877,1.368752121925354
245,"CCTATGGGTTACCGTC-1","{""value"":""CCTATGGGTTACCGTC-1""}",3020,2372,true,87216,8946,3.949471950531006,1.489641547203064
246,"CCTCACCAATCTTGAC-1","{""value"":""CCTCACCAATCTTGAC-1""}",680,936,true,49048,7611,3.2995822429656982,1.8799948692321777
247,"CCTCATGCAGCTACGA-1","{""value"":""CCTCATGCAGCTACGA-1""}",336,98,true,9397,3306,2.912055492401123,0
248,"CCTCCGACAATTCAAG-1","{""value"":""CCTCCGACAATTCAAG-1""}",543,2851,true,15784,4181,1.8208043575286865,0
249,"CCTCGAAGTGGACGGG-1","{""value"":""CCTCGAAGTGGACGGG-1""}",3157,696,true,37124,6655,3.135993003845215,1.1635093688964844
250,"CCTCGCCAGCAAATTA-1","{""value"":""CCTCGCCAGCAAATTA-1""}",3364,1055,true,26293,5661,3.435351848602295,0.7109588384628296
251,"CCTCTAATCTGCCAAG-1","{""value"":""CCTCTAATCTGCCAAG-1""}",3295,1654,true,30691,6267,2.376173734664917,0.635308027267456
252,"CCTCTCTCCCATCTAG-1","{""value"":""CCTCTCTCCCATCTAG-1""}",749,2971,true,10808,2869,1.2585493326187134,1.2585493326187134
253,"CCTCTGGCCTAGACGG-1","{""value"":""CCTCTGGCCTAGACGG-1""}",3433,696,true,35530,6694,2.965233564376831,2.924912691116333
254,"CCTGAATATTTACATA-1","{""value"":""CCTGAATATTTACATA-1""}",3157,1654,true,18991,5107,1.9076780080795288,1.352921962738037
255,"CCTGCTATTTGAGAAG-1","{""value"":""CCTGCTATTTGAGAAG-1""}",1713,2013,true,56581,7963,3.923617362976074,0.8937045931816101
256,"CCTGGCTAGACCCGCC-1","{""value"":""CCTGGCTAGACCCGCC-1""}",1231,2372,true,21245,5412,2.871673345565796,0.8250710368156433
257,"CCTGTAAGACATGATA-1","{""value"":""CCTGTAAGACATGATA-1""}",1093,3330,true,18237,4693,1.701197624206543,0.9136882424354553
258,"CCTGTCACCCGGGCTC-1","{""value"":""CCTGTCACCCGGGCTC-1""}",2882,2372,true,30894,5987,3.7055702209472656,0.63213711977005
259,"CCTGTCGCCCGTAAAT-1","{""value"":""CCTGTCGCCCGTAAAT-1""}",2538,3210,true,14719,4011,1.5478675365447998,1.0475704669952393
260,"CCTTCTTGATCCAGTG-1","{""value"":""CCTTCTTGATCCAGTG-1""}",3295,1175,true,39498,7013,3.422743797302246,0.8667762279510498
261,"CGAACGCCCAGTGCCG-1","{""value"":""CGAACGCCCAGTGCCG-1""}",3089,577,true,31265,5917,3.3631794452667236,2.1794559955596924
262,"CGAAGTTGCTCTGTGT-1","{""value"":""CGAAGTTGCTCTGTGT-1""}",681,2851,true,13836,3737,1.5968399047851562,1.0881249904632568
263,"CGACAGTTCGCGTTAT-1","{""value"":""CGACAGTTCGCGTTAT-1""}",1162,3210,true,25916,5322,2.6109631061553955,0.7183337807655334
264,"CGAGAGATGTGAACCT-1","{""value"":""CGAGAGATGTGAACCT-1""}",3295,2372,true,14290,3740,2.898900032043457,1.9047986268997192
265,"CGAGCGTTGATCAGCC-1","{""value"":""CGAGCGTTGATCAGCC-1""}",1437,337,true,27940,6013,3.5587525367736816,1.3672431707382202
266,"CGAGCTGGGCTTTAGG-1","{""value"":""CGAGCTGGGCTTTAGG-1""}",2882,936,true,34580,6575,3.481511116027832,1.988115668296814
267,"CGAGGCTAAATATGGC-1","{""value"":""CGAGGCTAAATATGGC-1""}",3157,2372,true,44926,7198,3.6686043739318848,1.6571091413497925
268,"CGAGTGCTATAGTTCG-1","{""value"":""CGAGTGCTATAGTTCG-1""}",887,98,true,26604,5738,3.3549251556396484,1.114375352859497
269,"CGCAAACACGAGTTAC-1","{""value"":""CGCAAACACGAGTTAC-1""}",818,2133,true,8498,2662,2.3622982501983643,0
270,"CGCAATTACTTTCGGT-1","{""value"":""CGCAATTACTTTCGGT-1""}",543,1654,true,20554,4665,2.4514598846435547,0
271,"CGCAATTAGGGTAATA-1","{""value"":""CGCAATTAGGGTAATA-1""}",1300,2253,true,17088,4406,1.998241662979126,0
272,"CGCAATTCTACAATAA-1","{""value"":""CGCAATTCTACAATAA-1""}",199,2013,true,18010,4437,2.7802631855010986,1.952929139137268
273,"CGCATTAGCTAATAGG-1","{""value"":""CGCATTAGCTAATAGG-1""}",2194,2133,true,15481,3992,3.310267210006714,3.806382417678833
274,"CGCGCCCGACTTAATA-1","{""value"":""CGCGCCCGACTTAATA-1""}",3433,1415,true,35475,6775,3.6132853031158447,0.9304487705230713
275,"CGCGTTCATGAAATAC-1","{""value"":""CGCGTTCATGAAATAC-1""}",1781,2133,true,76893,8688,4.05490255355835,1.5885653495788574
276,"CGCTATACCGCCCACT-1","{""value"":""CGCTATACCGCCCACT-1""}",749,577,true,15771,4001,2.8061583042144775,0
277,"CGCTATTCAATGTATG-1","{""value"":""CGCTATTCAATGTATG-1""}",405,1175,true,12085,3531,2.6757140159606934,1.7061238288879395
278,"CGCTCGACATAATGAT-1","{""value"":""CGCTCGACATAATGAT-1""}",1369,1415,true,11773,3123,2.072129964828491,1.727721095085144
279,"CGCTCTCCGTAGATTA-1","{""value"":""CGCTCTCCGTAGATTA-1""}",818,2851,true,18107,4569,2.4449658393859863,0
280,"CGCTGTGACGCCGCAC-1","{""value"":""CGCTGTGACGCCGCAC-1""}",1506,1894,true,31084,6483,2.7661314010620117,2.3645496368408203
281,"CGCTTCCACTGAAATC-1","{""value"":""CGCTTCCACTGAAATC-1""}",1162,1056,true,14492,3797,3.0763089656829834,1.057734727859497
282,"CGCTTTCATACCGGTG-1","{""value"":""CGCTTTCATACCGGTG-1""}",1712,577,true,20823,5022,3.087874174118042,2.7336955070495605
283,"CGGAGTTTGAGAGACA-1","{""value"":""CGGAGTTTGAGAGACA-1""}",612,2492,true,18996,4922,1.6680296659469604,0.8894964456558228
284,"CGGCACTCAAGAAAGT-1","{""value"":""CGGCACTCAAGAAAGT-1""}",199,337,true,46993,7827,3.8206260204315186,0.7697806358337402
285,"CGGCCACGCACAAAGT-1","{""value"":""CGGCCACGCACAAAGT-1""}",2332,3091,true,35548,6739,1.1935209035873413,2.584721803665161
286,"CGGGATCAATGTAAGA-1","{""value"":""CGGGATCAATGTAAGA-1""}",2332,1654,true,16395,3951,3.188871145248413,0.978890597820282
287,"CGGGCAGCTAAACCGC-1","{""value"":""CGGGCAGCTAAACCGC-1""}",2125,2732,true,21050,5167,2.9504666328430176,0
288,"CGGTGTACTTGATCCC-1","{""value"":""CGGTGTACTTGATCCC-1""}",405,936,true,26046,5795,0.7157727479934692,1.4200435876846313
289,"CGTACCTGATAGGCCT-1","{""value"":""CGTACCTGATAGGCCT-1""}",2951,1534,true,12004,3391,2.6820549964904785,0
290,"CGTAGCGAATTGTCAG-1","{""value"":""CGTAGCGAATTGTCAG-1""}",3157,457,true,33045,6586,3.279083490371704,2.708854913711548
291,"CGTATTAAGAGATCTA-1","{""value"":""CGTATTAAGAGATCTA-1""}",1988,2732,true,23021,5560,2.348045587539673,0
292,"CGTCAGTGCGCACAAG-1","{""value"":""CGTCAGTGCGCACAAG-1""}",1644,218,true,45754,7496,3.619358539581299,0.7841802835464478
293,"CGTCTGGAAGGGCCCG-1","{""value"":""CGTCTGGAAGGGCCCG-1""}",2538,816,true,37134,6731,3.436405658721924,0.9030336737632751
294,"CGTGTCCCATTCGCGA-1","{""value"":""CGTGTCCCATTCGCGA-1""}",1025,2253,true,8319,2784,1.4527510404586792,1.4527510404586792
295,"CGTTGTTTCAATTCCC-1","{""value"":""CGTTGTTTCAATTCCC-1""}",1025,2971,true,21466,5106,2.519318103790283,0
296,"CGTTTAAGCGGAGCAC-1","{""value"":""CGTTTAAGCGGAGCAC-1""}",2332,457,true,51703,7732,3.2690839767456055,0.9479649066925049
297,"CGTTTCGCTCATTACA-1","{""value"":""CGTTTCGCTCATTACA-1""}",1644,3091,true,26323,5875,3.0770926475524902,0
298,"CTAAAGAATGCCTACT-1","{""value"":""CTAAAGAATGCCTACT-1""}",749,3211,true,20406,4883,0.8479347825050354,0
299,"CTAACCGCGCGCCCGT-1","{""value"":""CTAACCGCGCGCCCGT-1""}",681,3330,true,18490,4836,2.1241438388824463,0
300,"CTAATTCGCACGCGCT-1","{""value"":""CTAATTCGCACGCGCT-1""}",612,2253,true,13510,4136,1.6158422231674194,0
301,"CTAATTTCAACAACAC-1","{""value"":""CTAATTTCAACAACAC-1""}",130,1415,true,15420,4135,2.592654228210449,3.3140716552734375
302,"CTACGCACGGAGTACC-1","{""value"":""CTACGCACGGAGTACC-1""}",2194,3091,true,18634,4787,2.2793264389038086,0.9008452296257019
303,"CTACTGCCACCTGACC-1","{""value"":""CTACTGCCACCTGACC-1""}",2607,2133,true,16926,4384,3.0874264240264893,2.006481647491455
304,"CTAGCATAGTATAATG-1","{""value"":""CTAGCATAGTATAATG-1""}",2814,2971,true,13009,3323,2.2380270957946777,0
305,"CTAGTCACGTCTTAAG-1","{""value"":""CTAGTCACGTCTTAAG-1""}",3020,3330,true,23914,4960,0,0.7603625059127808
306,"CTAGTGAAGGACAGGA-1","{""value"":""CTAGTGAAGGACAGGA-1""}",887,2971,true,20868,5172,2.4373462200164795,0
307,"CTAGTTGGGCCCGGTA-1","{""value"":""CTAGTTGGGCCCGGTA-1""}",2951,2013,true,73944,8380,3.8352978229522705,1.0444223880767822
308,"CTATCGGGTCTCAACA-1","{""value"":""CTATCGGGTCTCAACA-1""}",3020,3091,true,14194,3782,0,0
309,"CTATGTCACTAGCCCA-1","{""value"":""CTATGTCACTAGCCCA-1""}",2813,2492,true,26987,5454,3.6465656757354736,1.1047691106796265
310,"CTATGTCTATTGAAAC-1","{""value"":""CTATGTCTATTGAAAC-1""}",2056,217,true,36529,6841,2.977654218673706,2.559602975845337
311,"CTCAGGACTCACCTGT-1","{""value"":""CTCAGGACTCACCTGT-1""}",336,816,true,18938,4478,2.1031405925750732,0.8913303017616272
312,"CTCATGGCTCACAATC-1","{""value"":""CTCATGGCTCACAATC-1""}",2607,457,true,43901,7122,3.4269564151763916,1.7857080698013306
313,"CTCATTTGATGGGCGG-1","{""value"":""CTCATTTGATGGGCGG-1""}",2538,1534,true,25649,5634,3.613752603530884,0.7236340641975403
314,"CTCCGGCCTAATATGC-1","{""value"":""CTCCGGCCTAATATGC-1""}",2332,1175,true,17768,4472,2.7931690216064453,1.4027923345565796
315,"CTCCTAAGTTATGTCT-1","{""value"":""CTCCTAAGTTATGTCT-1""}",336,337,true,26410,6122,3.641077995300293,0
316,"CTCGAGGTCGAACAGT-1","{""value"":""CTCGAGGTCGAACAGT-1""}",2332,2372,true,62557,7961,3.9246904850006104,1.1559622287750244
317,"CTCGCACCTATATAGT-1","{""value"":""CTCGCACCTATATAGT-1""}",2951,1774,true,24073,5524,3.1625802516937256,3.0075011253356934
318,"CTCGGTCCGTAGCCTG-1","{""value"":""CTCGGTCCGTAGCCTG-1""}",1713,1056,true,28136,5893,3.4343621730804443,1.3620915412902832
319,"CTCTCACAATCGATGA-1","{""value"":""CTCTCACAATCGATGA-1""}",3089,2731,true,11712,3291,3.1886489391326904,0
320,"CTCTGCGAAGCAAGCA-1","{""value"":""CTCTGCGAAGCAAGCA-1""}",1712,337,true,54749,7932,3.550492286682129,1.5001914501190186
321,"CTCTGGACGCCTGGTG-1","{""value"":""CTCTGGACGCCTGGTG-1""}",2538,2732,true,9811,2725,2.7001700401306152,1.8799084424972534
322,"CTCTGTTTGAGGATTC-1","{""value"":""CTCTGTTTGAGGATTC-1""}",3226,577,true,33771,6528,3.2887532711029053,1.7646050453186035
323,"CTGAAAGAGATCCGAC-1","{""value"":""CTGAAAGAGATCCGAC-1""}",3020,1175,true,20572,4995,3.0380070209503174,0
324,"CTGCACCTGGAACCGC-1","{""value"":""CTGCACCTGGAACCGC-1""}",1644,696,true,15284,3779,2.725004196166992,1.0231914520263672
325,"CTGGAAATGGATGCTT-1","{""value"":""CTGGAAATGGATGCTT-1""}",1919,2372,true,28403,6155,2.526350975036621,0
326,"CTGTATGGTGTAGAAA-1","{""value"":""CTGTATGGTGTAGAAA-1""}",474,1295,true,21673,5150,3.1621382236480713,0
327,"CTGTTCACTGCCTGTG-1","{""value"":""CTGTTCACTGCCTGTG-1""}",2125,1534,true,9794,2788,2.872769355773926,1.8812918663024902
328,"CTGTTCATCTCACGGG-1","{""value"":""CTGTTCATCTCACGGG-1""}",612,1534,true,5588,1615,2.7490525245666504,0
329,"CTTAACTTCGAAGTAC-1","{""value"":""CTTAACTTCGAAGTAC-1""}",2607,217,true,39996,7062,3.3163435459136963,2.055418014526367
330,"CTTACACGGTATTCCA-1","{""value"":""CTTACACGGTATTCCA-1""}",1369,2612,true,22954,5152,2.3507609367370605,0
331,"CTTACACTGGGAAATA-1","{""value"":""CTTACACTGGGAAATA-1""}",1575,816,true,15667,4078,2.436326265335083,2.436326265335083
332,"CTTATGTTGACTACCA-1","{""value"":""CTTATGTTGACTACCA-1""}",130,457,true,20730,5019,3.559990644454956,0
333,"CTTCATAGCTCAAGAA-1","{""value"":""CTTCATAGCTCAAGAA-1""}",818,1175,true,9367,2787,2.2745234966278076,0
334,"CTTCATTGTCAGTGGA-1","{""value"":""CTTCATTGTCAGTGGA-1""}",2401,3210,true,15905,4403,1.4874073266983032,0.9979825615882874
335,"CTTCTTACGTCGTATA-1","{""value"":""CTTCTTACGTCGTATA-1""}",2401,577,true,37224,6825,3.6070306301116943,0.9015946984291077
336,"CTTGTACTTGTTGACT-1","{""value"":""CTTGTACTTGTTGACT-1""}",1781,1415,true,12865,3313,2.6176750659942627,2.2480461597442627
337,"CTTGTGAGTCTTTGAC-1","{""value"":""CTTGTGAGTCTTTGAC-1""}",612,98,true,25105,5477,3.336667537689209,0.7347735166549683
338,"CTTGTTTATGTAGCCA-1","{""value"":""CTTGTTTATGTAGCCA-1""}",199,1056,true,14425,3814,1.060717225074768,1.060717225074768
339,"CTTTAACTTTCAAAGG-1","{""value"":""CTTTAACTTTCAAAGG-1""}",2882,1654,true,22494,5352,3.2275233268737793,2.112046241760254
340,"CTTTGGCTTTAGTAAA-1","{""value"":""CTTTGGCTTTAGTAAA-1""}",1025,2732,true,22868,5570,2.646287202835083,0.7843822836875916
341,"GAAACAGCCATGCAGT-1","{""value"":""GAAACAGCCATGCAGT-1""}",2469,457,true,48047,7474,3.929621934890747,0.9935176968574524
342,"GAAACTCTAATGAAGG-1","{""value"":""GAAACTCTAATGAAGG-1""}",3295,457,true,34403,6598,2.615084648132324,2.424187660217285
343,"GAAAGTGACTAACTGC-1","{""value"":""GAAAGTGACTAACTGC-1""}",405,1894,true,15019,3988,3.201815366744995,1.034473180770874
344,"GAAATCGCGCGCAACT-1","{""value"":""GAAATCGCGCGCAACT-1""}",2951,1055,true,29571,6137,3.7263801097869873,0.6528992056846619
345,"GAAATGGCGGTGTTAG-1","{""value"":""GAAATGGCGGTGTTAG-1""}",1850,2492,true,35204,6662,3.0127274990081787,0.5730747580528259
346,"GAAATTCACATCGCTG-1","{""value"":""GAAATTCACATCGCTG-1""}",1644,457,true,58619,8283,3.898491382598877,2.331545829772949
347,"GAACACACATCAACCA-1","{""value"":""GAACACACATCAACCA-1""}",1713,1534,true,21928,5080,2.3921823501586914,3.9498746395111084
348,"GAACGACCGAATGATA-1","{""value"":""GAACGACCGAATGATA-1""}",2607,1175,true,16968,4173,3.008765697479248,2.0042858123779297
349,"GAAGAACGGTGCAGGT-1","{""value"":""GAAGAACGGTGCAGGT-1""}",1024,577,true,18800,4368,1.916248083114624,0
350,"GAAGCGTGAGGAATTT-1","{""value"":""GAAGCGTGAGGAATTT-1""}",2401,2971,true,22226,5184,1.7753366231918335,1.7753366231918335
351,"GAAGCTTGCTGACCGC-1","{""value"":""GAAGCTTGCTGACCGC-1""}",681,2373,true,20133,5308,1.6210819482803345,0
352,"GAAGTGCTGGATAGCT-1","{""value"":""GAAGTGCTGGATAGCT-1""}",2469,696,true,26605,5636,3.6063880920410156,1.628293752670288
353,"GAAGTTTCCACTCAAT-1","{""value"":""GAAGTTTCCACTCAAT-1""}",1437,3210,true,14066,3886,2.6779069900512695,0
354,"GAATCGACATGGTCAC-1","{""value"":""GAATCGACATGGTCAC-1""}",1162,2013,true,39791,6773,2.7763421535491943,1.1163406372070312
355,"GAATCGCCGGACACGG-1","{""value"":""GAATCGCCGGACACGG-1""}",1093,218,true,37318,6660,3.4999802112579346,2.024052619934082
356,"GAATGTTGGGTAATCT-1","{""value"":""GAATGTTGGGTAATCT-1""}",3020,1654,true,9390,2753,3.4936861991882324,0
357,"GAATTATAGTGAAAGG-1","{""value"":""GAATTATAGTGAAAGG-1""}",2951,2971,true,13669,3498,1.9428009986877441,1.0961949825286865
358,"GAATTTCTCGCTGCAG-1","{""value"":""GAATTTCTCGCTGCAG-1""}",337,2253,true,32844,6644,1.7878539562225342,1.7878539562225342
359,"GACAACGCAGCTTACG-1","{""value"":""GACAACGCAGCTTACG-1""}",1988,1295,true,15379,3723,2.929147243499756,1.842690110206604
360,"GACACAAGGGAAGAAA-1","{""value"":""GACACAAGGGAAGAAA-1""}",3226,2492,true,13483,3332,3.0541186332702637,1.6175049543380737
361,"GACCAGAGCCCTGTAG-1","{""value"":""GACCAGAGCCCTGTAG-1""}",1506,2612,true,16289,4241,2.400859832763672,0.9828684329986572
362,"GACGCCTGTTGCAGGG-1","{""value"":""GACGCCTGTTGCAGGG-1""}",405,218,true,17240,4573,3.0698347091674805,0
363,"GACTAAGATCATGCAC-1","{""value"":""GACTAAGATCATGCAC-1""}",1919,1654,true,11971,3260,3.259162664413452,1.1863937377929688
364,"GACTAAGTAGGCTCAC-1","{""value"":""GACTAAGTAGGCTCAC-1""}",1231,2133,true,12945,3511,2.612072229385376,1.9897396564483643
365,"GAGACTGATGGGTAGA-1","{""value"":""GAGACTGATGGGTAGA-1""}",2125,2253,true,75139,8614,3.946457862854004,0.8961081504821777
366,"GAGATCTGCTTGGCAT-1","{""value"":""GAGATCTGCTTGGCAT-1""}",1300,2971,true,19335,4983,2.385162115097046,0.8790825605392456
367,"GAGATCTGTCACTCCG-1","{""value"":""GAGATCTGTCACTCCG-1""}",3364,2492,true,9087,2725,2.7717630863189697,2.3017923831939697
368,"GAGCATCATCCCTGGG-1","{""value"":""GAGCATCATCCCTGGG-1""}",1024,337,true,34328,6524,3.602928400039673,1.60287344455719
369,"GAGCGAGGGAGTACCG-1","{""value"":""GAGCGAGGGAGTACCG-1""}",2263,577,true,55612,7642,3.4764997959136963,0.6828806400299072
370,"GAGCTCTCGGACCTAA-1","{""value"":""GAGCTCTCGGACCTAA-1""}",543,696,true,17153,4270,1.9949604272842407,0
371,"GAGGAATGGAGAGGTT-1","{""value"":""GAGGAATGGAGAGGTT-1""}",405,2133,true,14824,3764,1.8737151622772217,1.5422215461730957
372,"GAGGCTATCAAAGTCG-1","{""value"":""GAGGCTATCAAAGTCG-1""}",130,3091,true,48577,7496,0,0
373,"GAGGGCATCGCGTATC-1","{""value"":""GAGGGCATCGCGTATC-1""}",543,218,true,26242,5709,3.5915560722351074,1.4143636226654053
374,"GAGGTACATCCATCTT-1","{""value"":""GAGGTACATCCATCTT-1""}",2951,337,true,32442,6363,3.1641879081726074,2.9248721599578857
375,"GAGTACGGGTATACAA-1","{""value"":""GAGTACGGGTATACAA-1""}",1231,696,true,10004,2907,2.8527660369873047,0
376,"GATAAATCGGTGGATG-1","{""value"":""GATAAATCGGTGGATG-1""}",1093,696,true,14076,3784,2.367966890335083,1.5831485986709595
377,"GATAAGGCAGATGCAA-1","{""value"":""GATAAGGCAGATGCAA-1""}",199,98,true,17182,4271,3.0730483531951904,0
378,"GATATCTCATGCAATA-1","{""value"":""GATATCTCATGCAATA-1""}",2263,337,true,30848,6255,3.247361421585083,1.5111123323440552
379,"GATCATTCCAAACATT-1","{""value"":""GATCATTCCAAACATT-1""}",2125,2492,true,28151,6269,2.1680655479431152,2.1680655479431152
380,"GATCCCTTTATACTGC-1","{""value"":""GATCCCTTTATACTGC-1""}",2401,2253,true,11857,3221,3.352280855178833,1.193109393119812
381,"GATCGACACTATCTGA-1","{""value"":""GATCGACACTATCTGA-1""}",1506,2133,true,31311,6198,3.1245009899139404,1.6770418882369995
382,"GATCGCGGGCTCTCCA-1","{""value"":""GATCGCGGGCTCTCCA-1""}",1850,3210,true,31248,6364,2.3597538471221924,0
383,"GATCGGTGGCCATAAC-1","{""value"":""GATCGGTGGCCATAAC-1""}",2951,2253,true,49919,7577,3.416593551635742,2.27526593208313
384,"GATCTTTGCAGGGTAT-1","{""value"":""GATCTTTGCAGGGTAT-1""}",887,3211,true,17720,4521,2.4646644592285156,0
385,"GATGCGTCCTGCATTC-1","{""value"":""GATGCGTCCTGCATTC-1""}",2194,3330,true,22068,5425,0.803896963596344,2.3863604068756104
386,"GATGCTACAAGCGCCT-1","{""value"":""GATGCTACAAGCGCCT-1""}",1781,936,true,75668,8736,3.2927846908569336,0.5422874093055725
387,"GATGGCGCACACATTA-1","{""value"":""GATGGCGCACACATTA-1""}",268,1175,true,19042,4778,2.2599997520446777,2.8995614051818848
388,"GATGTTTGTGCGAGAT-1","{""value"":""GATGTTTGTGCGAGAT-1""}",336,1295,true,27015,5929,2.8409876823425293,2.3100204467773438
389,"GATTCCCTTGTCGCAG-1","{""value"":""GATTCCCTTGTCGCAG-1""}",2882,1893,true,73025,8365,3.839627504348755,1.0525990724563599
390,"GCAAATATTACGCTTT-1","{""value"":""GCAAATATTACGCTTT-1""}",1093,3091,true,17627,4175,1.4086360931396484,0
391,"GCAAGTGCACAGAGAA-1","{""value"":""GCAAGTGCACAGAGAA-1""}",1162,1774,true,77332,9271,2.781632900238037,1.7802010774612427
392,"GCACAAGTGTCGGAAG-1","{""value"":""GCACAAGTGTCGGAAG-1""}",2676,98,true,30273,6119,3.230529308319092,1.0294352769851685
393,"GCACTAGTCGCGCTAT-1","{""value"":""GCACTAGTCGCGCTAT-1""}",1231,457,true,41982,6974,3.192824363708496,1.2796095609664917
394,"GCAGATTAGGGATATC-1","{""value"":""GCAGATTAGGGATATC-1""}",2470,3330,true,22699,5640,0.7884694337844849,3.1697068214416504
395,"GCAGGACTATAGAATA-1","{""value"":""GCAGGACTATAGAATA-1""}",818,3091,true,23310,5431,2.5404744148254395,0
396,"GCATAGAGCACTCAGG-1","{""value"":""GCATAGAGCACTCAGG-1""}",2332,3330,true,24411,5830,0.7494608163833618,1.6980777978897095
397,"GCATCCCTAACTTTGA-1","{""value"":""GCATCCCTAACTTTGA-1""}",1162,816,true,62840,8263,3.3733127117156982,0.8330765962600708
398,"GCCCACCAAGGCTGTC-1","{""value"":""GCCCACCAAGGCTGTC-1""}",887,337,true,29609,6095,3.251840353012085,1.7226954698562622
399,"GCCCAGTTGGTATGCC-1","{""value"":""GCCCAGTTGGTATGCC-1""}",887,1534,true,7428,2382,2.9618654251098633,0
400,"GCCCGCGCGTTTGACA-1","{""value"":""GCCCGCGCGTTTGACA-1""}",1024,1295,true,11237,2910,1.7661281824111938,1.2308337688446045
401,"GCCGAAATTCCTACGT-1","{""value"":""GCCGAAATTCCTACGT-1""}",1369,3091,true,31382,6144,2.861684560775757,0.624839186668396
402,"GCCGCTTGTGAGAAAC-1","{""value"":""GCCGCTTGTGAGAAAC-1""}",1025,3211,true,17431,4427,2.3394343852996826,0
403,"GCCTAGCGATCTGACC-1","{""value"":""GCCTAGCGATCTGACC-1""}",1162,1295,true,16180,3683,2.2425031661987305,0
404,"GCCTATTCCGATATAG-1","{""value"":""GCCTATTCCGATATAG-1""}",336,1774,true,10729,3378,2.616983413696289,1.2638075351715088
405,"GCCTTCAGCCCTACCG-1","{""value"":""GCCTTCAGCCCTACCG-1""}",1712,816,true,20001,4938,2.584591865539551,2.999116897583008
406,"GCGAAGCCATACCCGT-1","{""value"":""GCGAAGCCATACCCGT-1""}",2469,2612,true,22913,5207,3.4628539085388184,1.2171450853347778
407,"GCGAGGCCCGAGCAGA-1","{""value"":""GCGAGGCCCGAGCAGA-1""}",1506,3330,true,55753,7672,2.652592182159424,1.0832241773605347
408,"GCGAGTTCTGCAAAGA-1","{""value"":""GCGAGTTCTGCAAAGA-1""}",2607,3091,true,29130,6375,0.6601650714874268,1.8886851072311401
409,"GCGATTCTGGAAGCAG-1","{""value"":""GCGATTCTGGAAGCAG-1""}",3364,98,true,23411,5299,3.2360894680023193,1.5019819736480713
410,"GCGCTAATTGAATAGA-1","{""value"":""GCGCTAATTGAATAGA-1""}",3089,2971,true,9409,2697,2.5322344303131104,0
411,"GCGGGAACCAGGCCCT-1","{""value"":""GCGGGAACCAGGCCCT-1""}",1575,1056,true,17731,4335,3.5926668643951416,0.9306365847587585
412,"GCGGTCCCTAGACGCA-1","{""value"":""GCGGTCCCTAGACGCA-1""}",1368,457,true,32273,6395,3.523866653442383,0
413,"GCGTCGAAATGTCGGT-1","{""value"":""GCGTCGAAATGTCGGT-1""}",2745,936,true,23818,5601,3.2641563415527344,0
414,"GCTAATACCGAATGCC-1","{""value"":""GCTAATACCGAATGCC-1""}",1506,1415,true,15782,3834,2.8053247928619385,0
415,"GCTAGTTTCATTGAGG-1","{""value"":""GCTAGTTTCATTGAGG-1""}",818,936,true,30015,6171,3.6430068016052246,0.6457811594009399
416,"GCTCTAAACCCTGACG-1","{""value"":""GCTCTAAACCCTGACG-1""}",2263,1774,true,17304,4194,2.6094985008239746,2.1826910972595215
417,"GCTCTATGTTACGTGC-1","{""value"":""GCTCTATGTTACGTGC-1""}",1025,2013,true,19082,4662,2.3971757888793945,1.3493404388427734
418,"GCTCTCGGGTACCGAA-1","{""value"":""GCTCTCGGGTACCGAA-1""}",2263,2013,true,12210,3193,2.6662118434906006,0
419,"GCTGCTCTCCGGACAC-1","{""value"":""GCTGCTCTCCGGACAC-1""}",2607,2612,true,97355,9110,3.835702896118164,2.0062215328216553
420,"GCTGGCATATTCACCT-1","{""value"":""GCTGGCATATTCACCT-1""}",405,2612,true,20014,5037,1.3142426013946533,0
421,"GCTTGATGATAATCAG-1","{""value"":""GCTTGATGATAATCAG-1""}",749,1534,true,9103,2879,0,1.3843973875045776
422,"GGAGAAGTCATTGGCA-1","{""value"":""GGAGAAGTCATTGGCA-1""}",1093,1654,true,20873,4967,3.1434719562530518,1.2836823463439941
423,"GGAGTGCCGCCCTGGA-1","{""value"":""GGAGTGCCGCCCTGGA-1""}",1919,1175,true,21001,4815,3.1378958225250244,1.5876240730285645
424,"GGATGACGCGAGTTTA-1","{""value"":""GGATGACGCGAGTTTA-1""}",1369,3330,true,20973,5205,3.019632339477539,0
425,"GGATTCAGTACGGTGG-1","{""value"":""GGATTCAGTACGGTGG-1""}",543,1175,true,30278,6286,3.394040107727051,0.641624391078949
426,"GGCAATAGTCAATGAG-1","{""value"":""GGCAATAGTCAATGAG-1""}",3089,2492,true,55563,7791,3.7302682399749756,1.238728404045105
427,"GGCACTCCACTGGGCA-1","{""value"":""GGCACTCCACTGGGCA-1""}",1437,2971,true,23093,5423,2.4523003101348877,0
428,"GGCATACAGGTAGCGG-1","{""value"":""GGCATACAGGTAGCGG-1""}",474,2971,true,16608,4358,2.2192533016204834,0
429,"GGCGCAGGACATCTTC-1","{""value"":""GGCGCAGGACATCTTC-1""}",130,3330,true,21506,5205,1.802688717842102,0
430,"GGCGGAGTAATATTAG-1","{""value"":""GGCGGAGTAATATTAG-1""}",1437,2732,true,38753,6735,2.7118725776672363,1.1341776847839355
431,"GGCGGTAGGATCATTG-1","{""value"":""GGCGGTAGGATCATTG-1""}",3020,2612,true,55165,7801,3.858931064605713,2.4734244346618652
432,"GGCGTCCTATCCGCTG-1","{""value"":""GGCGTCCTATCCGCTG-1""}",543,2612,true,10259,3144,2.1933937072753906,1.296149730682373
433,"GGCTATTAAGTTGTAT-1","{""value"":""GGCTATTAAGTTGTAT-1""}",1093,2851,true,24116,5549,2.597127914428711,0.7559137940406799
434,"GGCTCGTGCCACCAGC-1","{""value"":""GGCTCGTGCCACCAGC-1""}",887,1295,true,14467,3608,2.987175226211548,0
435,"GGCTCTGCTCCAACGC-1","{""value"":""GGCTCTGCTCCAACGC-1""}",3226,2013,true,15472,4089,3.589346170425415,1.0154190063476562
436,"GGCTGGCTAGCTTAAA-1","{""value"":""GGCTGGCTAGCTTAAA-1""}",268,218,true,18736,4588,3.061203718185425,0.8976390957832336
437,"GGGACTGCATAGATAG-1","{""value"":""GGGACTGCATAGATAG-1""}",2401,2732,true,20482,4876,2.4543111324310303,0.8457831740379333
438,"GGGAGAACTCACAGTA-1","{""value"":""GGGAGAACTCACAGTA-1""}",2676,2732,true,16886,4115,3.640183687210083,2.0084786415100098
439,"GGGAGGATGCCCGAAA-1","{""value"":""GGGAGGATGCCCGAAA-1""}",1781,3330,true,42130,7153,2.6341755390167236,0
440,"GGGAGTAATGGCTGGC-1","{""value"":""GGGAGTAATGGCTGGC-1""}",1162,98,true,30110,6128,3.5135159492492676,1.9922882318496704
441,"GGGAGTTAATGAGGCG-1","{""value"":""GGGAGTTAATGAGGCG-1""}",3433,2851,true,13721,3287,0,0
442,"GGGCGATATGTGTGAA-1","{""value"":""GGGCGATATGTGTGAA-1""}",2263,2253,true,26262,5560,3.3674888610839844,2.229794502258301
443,"GGGCGGTCCTATTGTC-1","{""value"":""GGGCGGTCCTATTGTC-1""}",199,577,true,15860,4146,2.260432720184326,0.9996930360794067
444,"GGGCGTACATTTATAT-1","{""value"":""GGGCGTACATTTATAT-1""}",1988,1774,true,9854,2674,2.6960909366607666,1.3255714178085327
445,"GGGCTGCCTAGGGCGA-1","{""value"":""GGGCTGCCTAGGGCGA-1""}",3020,2851,true,18870,4663,2.529499053955078,2.529499053955078
446,"GGGCTGGTTAGTCGCG-1","{""value"":""GGGCTGGTTAGTCGCG-1""}",1781,2612,true,21122,5082,2.6316230297088623,1.2751564979553223
447,"GGGTACTTCATGAACT-1","{""value"":""GGGTACTTCATGAACT-1""}",956,3330,true,11318,3367,2.363311529159546,0
448,"GGGTATGTATGCACTT-1","{""value"":""GGGTATGTATGCACTT-1""}",199,2253,true,37181,7031,1.1627318859100342,1.1627318859100342
449,"GGGTCACCGTGACGGT-1","{""value"":""GGGTCACCGTGACGGT-1""}",1506,3091,true,26460,5847,2.3287386894226074,0.7077613472938538
450,"GGGTGTTTCAGCTATG-1","{""value"":""GGGTGTTTCAGCTATG-1""}",2951,816,true,36291,6772,3.219589948654175,1.7053567171096802
451,"GGTAACTATGTATCTG-1","{""value"":""GGTAACTATGTATCTG-1""}",1300,337,true,23746,5330,3.0748727321624756,1.1921405792236328
452,"GGTAGTGCTCGCACCA-1","{""value"":""GGTAGTGCTCGCACCA-1""}",3226,2971,true,9353,2555,2.275961399078369,0
453,"GGTATTGCCGAGTTTA-1","{""value"":""GGTATTGCCGAGTTTA-1""}",1919,2851,true,26003,5817,2.238542318344116,2.120126724243164
454,"GGTCGGTAATTAGACA-1","{""value"":""GGTCGGTAATTAGACA-1""}",749,337,true,23846,5242,3.070864677429199,2.196753740310669
455,"GGTGAGATGCAGATAA-1","{""value"":""GGTGAGATGCAGATAA-1""}",749,816,true,29579,6021,3.0991740226745605,0
456,"GGTGCGGATAAGTGGC-1","{""value"":""GGTGCGGATAAGTGGC-1""}",1437,816,true,28499,5962,3.0922141075134277,1.5733693838119507
457,"GGTTAGGCTTGGAGAA-1","{""value"":""GGTTAGGCTTGGAGAA-1""}",749,2253,true,22052,5292,1.5487418174743652,1.7818317413330078
458,"GGTTTACAATCTCAAT-1","{""value"":""GGTTTACAATCTCAAT-1""}",3295,1893,true,27524,6121,2.18800950050354,1.7831227779388428
459,"GGTTTGAGTGCTGGAA-1","{""value"":""GGTTTGAGTGCTGGAA-1""}",1162,337,true,41230,7149,3.527306079864502,0.8421215415000916
460,"GTAACTTGCGGCAGTC-1","{""value"":""GTAACTTGCGGCAGTC-1""}",1024,98,true,37269,6819,3.3072896003723145,2.418771743774414
461,"GTAAGCGGGCAGTCAG-1","{""value"":""GTAAGCGGGCAGTCAG-1""}",2607,1654,true,26096,5617,3.442631483078003,1.98273503780365
462,"GTAAGGATTTGTCGGA-1","{""value"":""GTAAGGATTTGTCGGA-1""}",2951,98,true,24605,5758,3.188344955444336,0.7452936172485352
463,"GTAAGTAGGGTATACC-1","{""value"":""GTAAGTAGGGTATACC-1""}",749,2013,true,13759,3773,2.6984736919403076,0
464,"GTACACTTACCTGAAG-1","{""value"":""GTACACTTACCTGAAG-1""}",2676,3210,true,22703,5739,0,1.7576574087142944
465,"GTACGAGATTGCGACA-1","{""value"":""GTACGAGATTGCGACA-1""}",2194,1415,true,14913,4049,3.3462445735931396,1.0390013456344604
466,"GTACTAAGATTTGGAG-1","{""value"":""GTACTAAGATTTGGAG-1""}",2057,2133,true,45695,7406,3.5375852584838867,1.3814566135406494
467,"GTACTCCCTTATCGCT-1","{""value"":""GTACTCCCTTATCGCT-1""}",199,3211,true,23292,5351,1.205654501914978,1.205654501914978
468,"GTACTGAGGTCGTAAC-1","{""value"":""GTACTGAGGTCGTAAC-1""}",1506,218,true,43627,7351,3.232799530029297,0
469,"GTACTGCATGAAGCGT-1","{""value"":""GTACTGCATGAAGCGT-1""}",956,218,true,38130,6936,3.543175458908081,1.7918862104415894
470,"GTACTTGGGCACTTCT-1","{""value"":""GTACTTGGGCACTTCT-1""}",543,936,true,11448,3334,2.556994915008545,0
471,"GTAGACGTCGTTACAT-1","{""value"":""GTAGACGTCGTTACAT-1""}",956,457,true,18745,4676,3.188403367996216,0
472,"GTATAGGACTCAGTAG-1","{""value"":""GTATAGGACTCAGTAG-1""}",2263,1295,true,87224,9085,3.5015103816986084,0.9405665397644043
473,"GTATCAGCTTGGGTTC-1","{""value"":""GTATCAGCTTGGGTTC-1""}",612,1295,true,5830,2030,2.709090232849121,0
474,"GTCAAAGTTTACATAG-1","{""value"":""GTCAAAGTTTACATAG-1""}",268,457,true,14286,3555,2.1548049449920654,0
475,"GTCACTCTCCAAATCT-1","{""value"":""GTCACTCTCCAAATCT-1""}",405,1654,true,8065,2606,3.204383373260498,0
476,"GTCAGAATAGTCTATG-1","{""value"":""GTCAGAATAGTCTATG-1""}",474,2492,true,14421,4183,1.8972135782241821,1.0609439611434937
477,"GTCATGCACCTCCGTT-1","{""value"":""GTCATGCACCTCCGTT-1""}",2469,2372,true,16071,4010,3.27425217628479,2.4131765365600586
478,"GTCATGGACATGACTA-1","{""value"":""GTCATGGACATGACTA-1""}",2538,2013,true,14313,3621,2.661705255508423,1.5698466300964355
479,"GTCATTAGAGCGAACG-1","{""value"":""GTCATTAGAGCGAACG-1""}",2882,3330,true,17025,4055,1.4350006580352783,1.4350006580352783
480,"GTCCCAACGTAAAGTA-1","{""value"":""GTCCCAACGTAAAGTA-1""}",3295,2851,true,20430,4698,2.1971702575683594,0
481,"GTCCGGCTGAATTGCG-1","{""value"":""GTCCGGCTGAATTGCG-1""}",1850,2253,true,27028,5874,3.4086804389953613,1.1037789583206177
482,"GTCGGATATCTCAGAC-1","{""value"":""GTCGGATATCTCAGAC-1""}",749,2732,true,24083,5671,2.414121150970459,0.7566404342651367
483,"GTCGTCAATTATAAGG-1","{""value"":""GTCGTCAATTATAAGG-1""}",1368,218,true,14969,4102,3.4636898040771484,0
484,"GTGAAACGTGCTCCAC-1","{""value"":""GTGAAACGTGCTCCAC-1""}",818,218,true,38046,6647,3.5030884742736816,1.351654291152954
485,"GTGCAACAAATGTGGC-1","{""value"":""GTGCAACAAATGTGGC-1""}",2538,577,true,51471,7708,3.504997491836548,0.9507337808609009
486,"GTGCACGAAAGTGACT-1","{""value"":""GTGCACGAAAGTGACT-1""}",3157,936,true,42221,7088,3.3123416900634766,1.7076056003570557
487,"GTGCGGGTCTCCAAAT-1","{""value"":""GTGCGGGTCTCCAAAT-1""}",2125,1295,true,23169,5092,3.0438828468322754,1.209366798400879
488,"GTGCTCAAGTACTGTC-1","{""value"":""GTGCTCAAGTACTGTC-1""}",1850,2971,true,28877,6104,2.145515203475952,1.3428428173065186
489,"GTGGACGTGCTGAGAC-1","{""value"":""GTGGACGTGCTGAGAC-1""}",956,936,true,18767,4827,2.989222764968872,0
490,"GTGGGCTTAGACACAC-1","{""value"":""GTGGGCTTAGACACAC-1""}",956,2372,true,26608,5968,2.3236374855041504,1.9659700393676758
491,"GTTACAATTGGTGACG-1","{""value"":""GTTACAATTGGTGACG-1""}",543,3330,true,15979,4245,2.418405055999756,0
492,"GTTCACAGGAGTCTAG-1","{""value"":""GTTCACAGGAGTCTAG-1""}",612,2732,true,28451,6233,1.5747894048690796,0
493,"GTTCCAGTCTGACCAT-1","{""value"":""GTTCCAGTCTGACCAT-1""}",1919,936,true,20668,4666,3.152872085571289,0.8406332731246948
494,"GTTCGCCATAAGTGCC-1","{""value"":""GTTCGCCATAAGTGCC-1""}",1919,3330,true,19063,4856,2.0972745418548584,0.8873926997184753
495,"GTTCTTCCCTCGATGT-1","{""value"":""GTTCTTCCCTCGATGT-1""}",1781,696,true,16174,4317,2.0460457801818848,2.0460457801818848
496,"GTTGCACGGAGTTTCG-1","{""value"":""GTTGCACGGAGTTTCG-1""}",1575,1774,true,36039,6864,3.164412260055542,1.8390870094299316
497,"GTTGGATTTGCGTTGG-1","{""value"":""GTTGGATTTGCGTTGG-1""}",1713,3210,true,21152,4996,2.1663577556610107,0
498,"GTTGTCGTGTTAGTTG-1","{""value"":""GTTGTCGTGTTAGTTG-1""}",1506,696,true,13257,4085,2.733323574066162,3.4601800441741943
499,"GTTTCCTGGAGGGTGA-1","{""value"":""GTTTCCTGGAGGGTGA-1""}",1644,1894,true,88949,9603,3.3412187099456787,2.158193588256836
500,"GTTTGACCAAATCCTA-1","{""value"":""GTTTGACCAAATCCTA-1""}",2263,2492,true,18512,4611,3.670164108276367,0
501,"GTTTGGCCGCTCAGCG-1","{""value"":""GTTTGGCCGCTCAGCG-1""}",474,337,true,24587,5608,3.533360242843628,2.0344133377075195
502,"TAAAGAGCCCGAAACC-1","{""value"":""TAAAGAGCCCGAAACC-1""}",1437,98,true,37927,6796,3.367582082748413,2.6841037273406982
503,"TAAATGAATCCGTTTC-1","{""value"":""TAAATGAATCCGTTTC-1""}",268,1654,true,14983,4035,3.1274523735046387,1.0360208749771118
504,"TAACAAAGGGAGAAGC-1","{""value"":""TAACAAAGGGAGAAGC-1""}",680,1415,true,9948,2917,2.8580565452575684,1.3185338973999023
505,"TAACGCTTTGAGAGCG-1","{""value"":""TAACGCTTTGAGAGCG-1""}",268,2133,true,23864,5280,2.1962695121765137,2.3158011436462402
506,"TAACTATCGAAGGTCC-1","{""value"":""TAACTATCGAAGGTCC-1""}",612,1774,true,10106,3103,3.3304643630981445,1.307016134262085
507,"TAACTCCATGGAGGCT-1","{""value"":""TAACTCCATGGAGGCT-1""}",130,1175,true,15744,4146,1.495194673538208,1.495194673538208
508,"TAAGGAACTTGTGGGA-1","{""value"":""TAAGGAACTTGTGGGA-1""}",1024,816,true,95914,9354,3.5895004272460938,1.0946037769317627
509,"TAAGGCAACATAAGAT-1","{""value"":""TAAGGCAACATAAGAT-1""}",3157,1893,true,23590,5143,2.9080183506011963,2.3260650634765625
510,"TAATACACAGTAGTAT-1","{""value"":""TAATACACAGTAGTAT-1""}",2676,1295,true,12689,3522,2.899883985519409,1.6663870811462402
511,"TAATATTGAAATTCGC-1","{""value"":""TAATATTGAAATTCGC-1""}",1506,936,true,95725,9264,3.5431711673736572,0.25040513277053833
512,"TAATTAGATGGATATG-1","{""value"":""TAATTAGATGGATATG-1""}",474,98,true,19809,4834,2.8621878623962402,3.5263471603393555
513,"TACAAGTCTCGTGCAT-1","{""value"":""TACAAGTCTCGTGCAT-1""}",130,2612,true,30382,6225,1.3055505752563477,0.6400487422943115
514,"TACCAGCTAGGTTTAA-1","{""value"":""TACCAGCTAGGTTTAA-1""}",2745,217,true,24828,5405,3.779348850250244,0
515,"TACCTCACGCTTGTAC-1","{""value"":""TACCTCACGCTTGTAC-1""}",2125,816,true,29612,6201,2.488093137741089,1.0437041521072388
516,"TACGAACACGACTTCA-1","{""value"":""TACGAACACGACTTCA-1""}",1919,2612,true,22961,5234,2.642516851425171,0
517,"TACGAGAACTTCACGT-1","{""value"":""TACGAGAACTTCACGT-1""}",956,3091,true,21181,5106,2.302769184112549,0.8267936110496521
518,"TACGATGTTGATCATC-1","{""value"":""TACGATGTTGATCATC-1""}",681,3091,true,19795,4971,1.6346884965896606,0.8653988242149353
519,"TACGTGCACTATGCTG-1","{""value"":""TACGTGCACTATGCTG-1""}",543,1415,true,7967,2655,2.686256170272827,2.05902361869812
520,"TAGAGCTACGAAGAAC-1","{""value"":""TAGAGCTACGAAGAAC-1""}",1919,457,true,43727,7235,3.34670352935791,0.4842332899570465
521,"TAGAGTCTAAGCGAAC-1","{""value"":""TAGAGTCTAAGCGAAC-1""}",2057,2372,true,20655,4920,2.8982644081115723,1.29124915599823
522,"TAGATCCGAAGTCGCA-1","{""value"":""TAGATCCGAAGTCGCA-1""}",3226,98,true,35371,6605,3.045520782470703,0.5710007548332214
523,"TAGCTAAGTCCGGGAG-1","{""value"":""TAGCTAAGTCCGGGAG-1""}",2194,2372,true,80262,8747,3.942920684814453,0
524,"TAGGGTGTTTCAAGAG-1","{""value"":""TAGGGTGTTTCAAGAG-1""}",1988,1534,true,18200,3840,2.5628676414489746,0
525,"TAGGTGAGCCCTACTC-1","{""value"":""TAGGTGAGCCCTACTC-1""}",543,2373,true,15568,4303,1.5039275884628296,2.7078704833984375
526,"TAGGTTCGAGTTCGTC-1","{""value"":""TAGGTTCGAGTTCGTC-1""}",2882,3091,true,14324,3783,1.5692381858825684,0
527,"TAGTGCCCTCCAGAGT-1","{""value"":""TAGTGCCCTCCAGAGT-1""}",1850,2732,true,33529,6684,3.132643699645996,0.5946464538574219
528,"TAGTTTATTCTTGCTT-1","{""value"":""TAGTTTATTCTTGCTT-1""}",2194,457,true,41096,7286,3.2397167682647705,1.6048812866210938
529,"TATAAATCCACAAGCT-1","{""value"":""TATAAATCCACAAGCT-1""}",1300,1295,true,11307,2705,2.364192485809326,1.7609089612960815
530,"TATAAGTGAGGATAGC-1","{""value"":""TATAAGTGAGGATAGC-1""}",956,1415,true,8995,2703,2.9532470703125,0
531,"TATACACGCAAAGTAT-1","{""value"":""TATACACGCAAAGTAT-1""}",749,1056,true,12717,3662,3.3618714809417725,1.1447890996932983
532,"TATCCATATCATGCGA-1","{""value"":""TATCCATATCATGCGA-1""}",1850,1056,true,72044,8752,3.7337217330932617,1.184356927871704
533,"TATCCTGCATGGGAAT-1","{""value"":""TATCCTGCATGGGAAT-1""}",1988,577,true,38730,7004,3.4858345985412598,0
534,"TATCGATGATTAAACG-1","{""value"":""TATCGATGATTAAACG-1""}",1644,1654,true,13843,3576,2.928955554962158,1.0877416133880615
535,"TATGCTCCCTACTTAC-1","{""value"":""TATGCTCCCTACTTAC-1""}",2469,1893,true,6736,1915,3.2292611598968506,0
536,"TATGGATGTGCTACGC-1","{""value"":""TATGGATGTGCTACGC-1""}",1988,2013,true,19188,4776,2.9680142402648926,1.6598349809646606
537,"TATGGCCCGGCCTCGC-1","{""value"":""TATGGCCCGGCCTCGC-1""}",337,2492,true,20152,4748,0,0.8551151156425476
538,"TATGGGACCGAGCAGG-1","{""value"":""TATGGGACCGAGCAGG-1""}",2125,3210,true,14962,4056,2.955188035964966,0
539,"TATGGGTACGTATCGT-1","{""value"":""TATGGGTACGTATCGT-1""}",2263,2732,true,24934,5766,2.0222058296203613,0.7383573055267334
540,"TATGGTCTGAGTAACA-1","{""value"":""TATGGTCTGAGTAACA-1""}",2263,3210,true,22189,5348,1.7766833305358887,2.8307526111602783
541,"TATTCAATTCTAATCC-1","{""value"":""TATTCAATTCTAATCC-1""}",3364,2971,true,14947,3636,2.115041494369507,0
542,"TATTCGTGCCAGAATA-1","{""value"":""TATTCGTGCCAGAATA-1""}",2676,2971,true,22490,5411,1.9538254737854004,1.7655013799667358
543,"TATTTAGTCTAGATCG-1","{""value"":""TATTTAGTCTAGATCG-1""}",2263,1055,true,16874,4402,3.347867250442505,1.4418405294418335
544,"TATTTGTTACCCTTTA-1","{""value"":""TATTTGTTACCCTTTA-1""}",1437,1774,true,149086,10691,2.919903039932251,2.418710708618164
545,"TCAAACAACCGCGTCG-1","{""value"":""TCAAACAACCGCGTCG-1""}",2401,1774,true,12080,3315,2.5074501037597656,0
546,"TCAAACTTAGATTGTT-1","{""value"":""TCAAACTTAGATTGTT-1""}",2745,2612,true,72903,8452,3.8728296756744385,0
547,"TCAACACATTGGGTAA-1","{""value"":""TCAACACATTGGGTAA-1""}",680,218,true,26309,5486,3.499335765838623,1.1218554973602295
548,"TCAACCATGTTCGGGC-1","{""value"":""TCAACCATGTTCGGGC-1""}",1781,1894,true,93333,9687,3.250638246536255,1.735103964805603
549,"TCACAGGTTATTGGGC-1","{""value"":""TCACAGGTTATTGGGC-1""}",1575,2732,true,27160,6051,2.567596912384033,2.1997742652893066
550,"TCACGCATTGTAGATC-1","{""value"":""TCACGCATTGTAGATC-1""}",1644,2851,true,27335,5909,1.9428951740264893,1.3836567401885986
551,"TCACGGTCATCGCACA-1","{""value"":""TCACGGTCATCGCACA-1""}",1369,1654,true,19521,4678,2.3764734268188477,0
552,"TCAGCAAATGCATCTC-1","{""value"":""TCAGCAAATGCATCTC-1""}",3295,2612,true,12563,3266,2.4714977741241455,1.1531109809875488
553,"TCAGGGTGTAACGTAA-1","{""value"":""TCAGGGTGTAACGTAA-1""}",3226,2253,true,17574,4531,2.7047250270843506,2.3321571350097656
554,"TCAGGTTCTTTGAGAA-1","{""value"":""TCAGGTTCTTTGAGAA-1""}",1162,2492,true,18388,4957,1.9351775646209717,2.2913126945495605
555,"TCAGTACTGACCCGCG-1","{""value"":""TCAGTACTGACCCGCG-1""}",612,2013,true,38704,7146,3.1275386810302734,1.338991403579712
556,"TCATCACTCGAGCTCG-1","{""value"":""TCATCACTCGAGCTCG-1""}",268,936,true,12229,3317,2.293515682220459,0
557,"TCATCCCAGAGGGTGG-1","{""value"":""TCATCCCAGAGGGTGG-1""}",3089,337,true,26999,5902,3.37587833404541,0
558,"TCCACAATGGTTTACG-1","{""value"":""TCCACAATGGTTTACG-1""}",749,2492,true,29261,6217,1.732445478439331,0
559,"TCCAGGCGAGTACGGT-1","{""value"":""TCCAGGCGAGTACGGT-1""}",2194,2612,true,23866,5608,2.422252655029297,0
560,"TCCCAAAGACGAAGGA-1","{""value"":""TCCCAAAGACGAAGGA-1""}",2401,2013,true,10562,2713,2.8017005920410156,1.2750200033187866
561,"TCCCAGCTTTAGTCTG-1","{""value"":""TCCCAGCTTTAGTCTG-1""}",2125,2971,true,17076,4527,1.9987984895706177,0
562,"TCCCAGGCTTAGCTAA-1","{""value"":""TCCCAGGCTTAGCTAA-1""}",1575,2492,true,23005,5362,2.0923280715942383,1.2142952680587769
563,"TCCCGCGTACTCCTGG-1","{""value"":""TCCCGCGTACTCCTGG-1""}",3020,2133,true,83410,8903,3.918283224105835,2.102281332015991
564,"TCCCGGGTGTGCTGCT-1","{""value"":""TCCCGGGTGTGCTGCT-1""}",612,2971,true,17729,4375,2.464200019836426,0
565,"TCCCGTCAGTCCCGCA-1","{""value"":""TCCCGTCAGTCCCGCA-1""}",3433,1654,true,27936,6242,3.194699287414551,0
566,"TCCCTGGCTCGCTGGA-1","{""value"":""TCCCTGGCTCGCTGGA-1""}",130,2851,true,19764,4814,1.6360318660736084,0
567,"TCCGATAATTGCCATA-1","{""value"":""TCCGATAATTGCCATA-1""}",2676,1055,true,20379,4829,2.3376219272613525,1.3010926246643066
568,"TCCGATGGTGCGACAT-1","{""value"":""TCCGATGGTGCGACAT-1""}",1919,1894,true,48955,7782,3.215883255004883,1.4675086736679077
569,"TCCGATTACATTGCCG-1","{""value"":""TCCGATTACATTGCCG-1""}",474,2732,true,17043,4324,2.5004186630249023,0
570,"TCCTCTACGAGATGGC-1","{""value"":""TCCTCTACGAGATGGC-1""}",474,2013,true,8665,2626,3.1356396675109863,0
571,"TCCTTCAGTGGTCGAA-1","{""value"":""TCCTTCAGTGGTCGAA-1""}",3020,696,true,35152,6472,3.4894871711730957,2.331977367401123
572,"TCCTTTCTTACGCTTA-1","{""value"":""TCCTTTCTTACGCTTA-1""}",2538,2492,true,29511,5865,3.8917455673217773,0
573,"TCGAAATTTAGGACCA-1","{""value"":""TCGAAATTTAGGACCA-1""}",1369,2372,true,42888,7379,2.617588520050049,0.49172353744506836
574,"TCGAGACCAACACCGT-1","{""value"":""TCGAGACCAACACCGT-1""}",2057,3330,true,24586,5195,1.1680859327316284,0
575,"TCGCATCCCTAAGTGT-1","{""value"":""TCGCATCCCTAAGTGT-1""}",405,696,true,11224,3075,0,2.113924264907837
576,"TCGCCGGTCGATCCGT-1","{""value"":""TCGCCGGTCGATCCGT-1""}",2469,1175,true,16453,4345,3.038261890411377,2.227724075317383
577,"TCGCGTCCAGAAGGTC-1","{""value"":""TCGCGTCCAGAAGGTC-1""}",268,2612,true,14761,4406,0,3.2185099124908447
578,"TCGCTCGATATATTCC-1","{""value"":""TCGCTCGATATATTCC-1""}",2607,2372,true,17834,4424,3.294529676437378,3.7788443565368652
579,"TCGCTGGGCGGATTGT-1","{""value"":""TCGCTGGGCGGATTGT-1""}",3364,2253,true,14297,3959,2.3538570404052734,1.570787787437439
580,"TCGCTGTGCGTAAATC-1","{""value"":""TCGCTGTGCGTAAATC-1""}",1093,936,true,14216,3777,3.3259363174438477,0
581,"TCGGAATGCGCTCTGA-1","{""value"":""TCGGAATGCGCTCTGA-1""}",199,2492,true,22672,5431,0.7891669869422913,1.5270743370056152
582,"TCGGAGTACATGAGTA-1","{""value"":""TCGGAGTACATGAGTA-1""}",3364,2731,true,8335,2352,3.172811269760132,1.4510953426361084
583,"TCGGGTGAAACTGCTA-1","{""value"":""TCGGGTGAAACTGCTA-1""}",2125,98,true,34660,6611,3.5031275749206543,0.9445545673370361
584,"TCGTATAGTGCAATTA-1","{""value"":""TCGTATAGTGCAATTA-1""}",2125,337,true,12146,3923,3.4062535762786865,1.7020049095153809
585,"TCGTCCGCTGGCGTCT-1","{""value"":""TCGTCCGCTGGCGTCT-1""}",1025,1534,true,8002,2488,3.064448595046997,0
586,"TCGTTCGTTATTATGT-1","{""value"":""TCGTTCGTTATTATGT-1""}",2538,98,true,15625,4422,2.4387762546539307,1.0091134309768677
587,"TCTACCGTCCACAAGC-1","{""value"":""TCTACCGTCCACAAGC-1""}",2882,2133,true,19726,4601,3.7797691822052,0
588,"TCTAGCATCTTCGATG-1","{""value"":""TCTAGCATCTTCGATG-1""}",1231,1654,true,45935,7474,3.4226086139678955,1.2154885530471802
589,"TCTAGTTATCAGAAGA-1","{""value"":""TCTAGTTATCAGAAGA-1""}",1988,2971,true,36456,6753,2.5020432472229004,0.5579920411109924
590,"TCTATCATGCAGTTAC-1","{""value"":""TCTATCATGCAGTTAC-1""}",1024,1056,true,17920,4307,2.7850677967071533,2.151815414428711
591,"TCTATCGGTCGCAACA-1","{""value"":""TCTATCGGTCGCAACA-1""}",2676,1534,true,71434,8748,3.4004898071289062,2.012512683868408
592,"TCTATTACGCTGGCGA-1","{""value"":""TCTATTACGCTGGCGA-1""}",612,577,true,21632,4979,2.404496669769287,0
593,"TCTCTAATAGCTGGTA-1","{""value"":""TCTCTAATAGCTGGTA-1""}",1850,1295,true,14106,3809,2.9111502170562744,2.166023015975952
594,"TCTGAACCGGTCGGCT-1","{""value"":""TCTGAACCGGTCGGCT-1""}",818,1415,true,6948,2081,3.1995186805725098,0
595,"TCTGTCATACAAGAGC-1","{""value"":""TCTGTCATACAAGAGC-1""}",1300,98,true,32985,6409,3.425187587738037,1.784186601638794
596,"TCTTACAGAGGTACCG-1","{""value"":""TCTTACAGAGGTACCG-1""}",1368,696,true,10965,3033,3.0384063720703125,0
597,"TCTTACGGCATCCGAC-1","{""value"":""TCTTACGGCATCCGAC-1""}",268,1894,true,17622,4466,2.8009183406829834,1.7295165061950684
598,"TCTTCGATACCAATAA-1","{""value"":""TCTTCGATACCAATAA-1""}",2813,2731,true,21414,4887,3.7897980213165283,1.9960492849349976
599,"TCTTGATGCGTAGCGA-1","{""value"":""TCTTGATGCGTAGCGA-1""}",2951,2731,true,19232,4636,3.4706344604492188,2.5120246410369873
600,"TCTTGGTAACACCAAA-1","{""value"":""TCTTGGTAACACCAAA-1""}",2745,1415,true,24922,5533,3.1760354042053223,2.4790005683898926
601,"TGAAACTTATGCAAGC-1","{""value"":""TGAAACTTATGCAAGC-1""}",3295,217,true,25619,5603,2.830111026763916,1.432573914527893
602,"TGACCCACGTTAGACA-1","{""value"":""TGACCCACGTTAGACA-1""}",1506,2851,true,14161,3740,2.529076337814331,0
603,"TGAGAATGCTTTACCG-1","{""value"":""TGAGAATGCTTTACCG-1""}",1988,1056,true,78446,8772,3.4626877307891846,2.2335872650146484
604,"TGATCGGTTTGACCCT-1","{""value"":""TGATCGGTTTGACCCT-1""}",1988,2253,true,50242,7538,3.8047502040863037,1.7714439630508423
605,"TGATCTCCGGCGCCAG-1","{""value"":""TGATCTCCGGCGCCAG-1""}",1713,2253,true,26015,5674,2.439781427383423,1.1294991970062256
606,"TGATTCGTCTATCACT-1","{""value"":""TGATTCGTCTATCACT-1""}",1093,2612,true,16265,4174,0.9837913513183594,0
607,"TGATTTCCTCCTGACG-1","{""value"":""TGATTTCCTCCTGACG-1""}",612,816,true,10720,3395,2.787760019302368,2.4126100540161133
608,"TGCAAGAATGACGTAA-1","{""value"":""TGCAAGAATGACGTAA-1""}",2401,2492,true,119419,9565,4.024805068969727,0.6483356356620789
609,"TGCAGGATCGGCAAAG-1","{""value"":""TGCAGGATCGGCAAAG-1""}",3364,1774,true,30663,6000,1.6941330432891846,0.6357220411300659
610,"TGCATGGATCGGATCT-1","{""value"":""TGCATGGATCGGATCT-1""}",2882,1175,true,22156,5224,1.9667202234268188,1.240944504737854
611,"TGCCTGATCAAACGAT-1","{""value"":""TGCCTGATCAAACGAT-1""}",3089,1295,true,37060,6799,2.9639618396759033,0.5509976148605347
612,"TGCGCAAAGCATTTGG-1","{""value"":""TGCGCAAAGCATTTGG-1""}",2882,2612,true,71660,8351,3.6735615730285645,1.5688624382019043
613,"TGCGCGATTAACGGAG-1","{""value"":""TGCGCGATTAACGGAG-1""}",1093,2133,true,14163,3799,2.3623836040496826,0
614,"TGCGGAGTAAAGGTGC-1","{""value"":""TGCGGAGTAAAGGTGC-1""}",3089,1534,true,30855,6570,2.5238380432128906,0.6327595710754395
615,"TGCGGCATAGTTCAAC-1","{""value"":""TGCGGCATAGTTCAAC-1""}",1988,337,true,28865,5851,3.5811381340026855,2.0288617610931396
616,"TGCGGTGAAATTTCAT-1","{""value"":""TGCGGTGAAATTTCAT-1""}",2813,337,true,36611,6592,3.269465923309326,2.7171237468719482
617,"TGCTGGTTGGACAATT-1","{""value"":""TGCTGGTTGGACAATT-1""}",1093,1415,true,8938,2661,3.626150131225586,1.3980563879013062
618,"TGGAAGACGAACACCA-1","{""value"":""TGGAAGACGAACACCA-1""}",1437,577,true,33680,6039,2.511396884918213,0.9621994495391846
619,"TGGAAGGATAAAGATG-1","{""value"":""TGGAAGGATAAAGATG-1""}",2951,1295,true,36998,7082,1.9301226139068604,1.1659228801727295
620,"TGGACTGTTCGCTCAA-1","{""value"":""TGGACTGTTCGCTCAA-1""}",3295,3330,true,47208,7611,1.9943379163742065,0.4555436968803406
621,"TGGAGTGATGCGATGA-1","{""value"":""TGGAGTGATGCGATGA-1""}",1093,2372,true,25193,5876,2.6372437477111816,0.7329540252685547
622,"TGGCCGTATATTGACC-1","{""value"":""TGGCCGTATATTGACC-1""}",887,2013,true,11057,3220,3.2439777851104736,0
623,"TGGCTTTGGGTAGACA-1","{""value"":""TGGCTTTGGGTAGACA-1""}",1781,1175,true,18562,4559,3.1978118419647217,0.9031778573989868
624,"TGGGAAATGCCTTTCC-1","{""value"":""TGGGAAATGCCTTTCC-1""}",130,1654,true,79646,8641,3.3328514099121094,0.9969514012336731
625,"TGGGCACGTTCTATGG-1","{""value"":""TGGGCACGTTCTATGG-1""}",3295,696,true,31484,6381,3.356348991394043,2.8586251735687256
626,"TGGGCCACAAGAGCGC-1","{""value"":""TGGGCCACAAGAGCGC-1""}",3226,1055,true,34341,6500,3.685547351837158,2.4258320331573486
627,"TGGTCTGTTGGGCGTA-1","{""value"":""TGGTCTGTTGGGCGTA-1""}",268,3330,true,36247,6748,2.141744375228882,0
628,"TGGTTCGTAGCAAAGG-1","{""value"":""TGGTTCGTAGCAAAGG-1""}",2057,1654,true,13665,3233,2.8300743103027344,1.943051815032959
629,"TGTAGTGATCTATAAT-1","{""value"":""TGTAGTGATCTATAAT-1""}",543,3091,true,15800,4242,1.4925391674041748,0
630,"TGTATCCTTATTCCAT-1","{""value"":""TGTATCCTTATTCCAT-1""}",1712,98,true,32505,6337,3.3255932331085205,0.6086694002151489
631,"TGTCCCGACATAGCAC-1","{""value"":""TGTCCCGACATAGCAC-1""}",2194,217,true,25611,5517,3.723660469055176,1.4328712224960327
632,"TGTCCTAAGTCACCGC-1","{""value"":""TGTCCTAAGTCACCGC-1""}",337,2971,true,18863,4769,0.8936105966567993,0.8936105966567993
633,"TGTCTACAGTTTCTGT-1","{""value"":""TGTCTACAGTTTCTGT-1""}",1919,217,true,26846,5809,3.3098723888397217,1.6211118698120117
634,"TGTGACTACGCCAGTC-1","{""value"":""TGTGACTACGCCAGTC-1""}",3295,1415,true,32366,6380,3.013425350189209,0
635,"TGTGTCGCGAGTTGCA-1","{""value"":""TGTGTCGCGAGTTGCA-1""}",749,1774,true,27901,6281,3.1958673000335693,0.6812297105789185
636,"TGTTCCGCTTCCATGA-1","{""value"":""TGTTCCGCTTCCATGA-1""}",1300,3210,true,15839,4372,1.0005306005477905,0
637,"TGTTCTTCCATTGACT-1","{""value"":""TGTTCTTCCATTGACT-1""}",1231,2851,true,15798,4199,2.694129228591919,0
638,"TGTTTCGGTACTTCTC-1","{""value"":""TGTTTCGGTACTTCTC-1""}",2125,1055,true,19725,4666,2.866290807723999,1.3249382972717285
639,"TTAACCAACCCTCCCT-1","{""value"":""TTAACCAACCCTCCCT-1""}",2057,1175,true,66960,8467,3.437285900115967,0.797673225402832
640,"TTAACGTCGCAAGACC-1","{""value"":""TTAACGTCGCAAGACC-1""}",1988,98,true,59311,8139,3.3677799701690674,1.873486876487732
641,"TTAAGCGCCTGACCCA-1","{""value"":""TTAAGCGCCTGACCCA-1""}",1300,2492,true,18552,4819,2.1211493015289307,0
642,"TTAATGTAGACCAGGT-1","{""value"":""TTAATGTAGACCAGGT-1""}",2951,2492,true,78997,8554,4.016026496887207,0.8667834997177124
643,"TTAATTTCAGACGCGG-1","{""value"":""TTAATTTCAGACGCGG-1""}",3020,936,true,43903,7289,3.485557794570923,0.8068370223045349
644,"TTACAACTACGCATCC-1","{""value"":""TTACAACTACGCATCC-1""}",1850,1774,true,16913,3845,2.8394899368286133,0.9596198201179504
645,"TTACATCGTGGCCTGG-1","{""value"":""TTACATCGTGGCCTGG-1""}",749,1295,true,10057,3170,2.847787618637085,1.310563564300537
646,"TTACCATTGATTACCC-1","{""value"":""TTACCATTGATTACCC-1""}",199,2971,true,18313,4395,0.9112321138381958,0.9112321138381958
647,"TTAGCAACATGGATGT-1","{""value"":""TTAGCAACATGGATGT-1""}",199,1295,true,14521,3902,2.1403942108154297,1.5584381818771362
648,"TTATATTTGGCAATCC-1","{""value"":""TTATATTTGGCAATCC-1""}",2676,2013,true,12128,3405,2.8167169094085693,2.046135425567627
649,"TTATCCAATCGAACTC-1","{""value"":""TTATCCAATCGAACTC-1""}",543,457,true,18999,4694,2.5232789516448975,0
650,"TTATCTGTATCATAAC-1","{""value"":""TTATCTGTATCATAAC-1""}",2401,1534,true,17682,4562,2.9696223735809326,0.9323137402534485
651,"TTATGACAAACTGGAT-1","{""value"":""TTATGACAAACTGGAT-1""}",681,2133,true,11756,3382,2.329054355621338,1.199077844619751
652,"TTATTAGGGAAGCATC-1","{""value"":""TTATTAGGGAAGCATC-1""}",2332,696,true,37048,6910,3.6115896701812744,0
653,"TTCAAAGTCTCTAGCC-1","{""value"":""TTCAAAGTCTCTAGCC-1""}",3433,3091,true,33227,6640,2.0229196548461914,0.9708135724067688
654,"TTCAACGACCCGACCG-1","{""value"":""TTCAACGACCCGACCG-1""}",1575,1295,true,12059,3176,1.1813114881515503,1.1813114881515503
655,"TTCAAGCCGAGCTGAG-1","{""value"":""TTCAAGCCGAGCTGAG-1""}",3433,457,true,38332,7004,3.2252607345581055,2.571089506149292
656,"TTCATGGCGCAACAGG-1","{""value"":""TTCATGGCGCAACAGG-1""}",3433,1175,true,31323,6093,3.0850822925567627,0.6256992220878601
657,"TTCCTCGAGGGTGTCT-1","{""value"":""TTCCTCGAGGGTGTCT-1""}",1644,1415,true,17451,3954,2.175189256668091,0
658,"TTCGACGGGAAGGGCG-1","{""value"":""TTCGACGGGAAGGGCG-1""}",1300,1774,true,103934,9903,3.1697561740875244,1.6966243982315063
659,"TTCGCACTCGCGTGCT-1","{""value"":""TTCGCACTCGCGTGCT-1""}",1369,1894,true,55337,8165,3.2039124965667725,1.858625054359436
660,"TTCGGGACTAATCGCG-1","{""value"":""TTCGGGACTAATCGCG-1""}",3226,3210,true,18516,4404,0.9047185778617859,0
661,"TTCGTACTCCAGAACG-1","{""value"":""TTCGTACTCCAGAACG-1""}",268,2373,true,24903,5592,1.4542572498321533,1.159247875213623
662,"TTCTACTTGCGAGGGC-1","{""value"":""TTCTACTTGCGAGGGC-1""}",474,1534,true,7455,2543,3.132059097290039,1.5376242399215698
663,"TTCTAGGCCAATTGTG-1","{""value"":""TTCTAGGCCAATTGTG-1""}",1300,1534,true,7729,2050,3.097566604614258,0
664,"TTCTTAGTGAACGGTG-1","{""value"":""TTCTTAGTGAACGGTG-1""}",612,1056,true,62592,8184,3.3771474361419678,1.4999555349349976
665,"TTCTTAGTGGCTCAGA-1","{""value"":""TTCTTAGTGGCTCAGA-1""}",2469,936,true,36878,7037,2.288823366165161,0.5530862212181091
666,"TTCTTGTAACCTAATG-1","{""value"":""TTCTTGTAACCTAATG-1""}",681,1654,true,5424,1882,2.4018094539642334,0
667,"TTGAAGAATTCCCAGG-1","{""value"":""TTGAAGAATTCCCAGG-1""}",1713,2732,true,22084,5144,1.9695985317230225,0
668,"TTGATCTAACTTTGTC-1","{""value"":""TTGATCTAACTTTGTC-1""}",1506,2372,true,23538,5238,2.208317756652832,1.1982762813568115
669,"TTGATTATGCAGATGA-1","{""value"":""TTGATTATGCAGATGA-1""}",543,2133,true,8734,2669,0,0
670,"TTGCACGGAGCAGCAC-1","{""value"":""TTGCACGGAGCAGCAC-1""}",2332,1415,true,25105,5498,3.3745198249816895,0.7347735166549683
671,"TTGCCCTGATCACGGG-1","{""value"":""TTGCCCTGATCACGGG-1""}",612,3211,true,15321,4047,1.845926284790039,0
672,"TTGCTCCCATACCGGA-1","{""value"":""TTGCTCCCATACCGGA-1""}",3226,1534,true,26795,5670,2.093870162963867,1.1096243858337402
673,"TTGCTGAAGGAACCAC-1","{""value"":""TTGCTGAAGGAACCAC-1""}",2194,1175,true,81232,8889,3.5022809505462646,0.2891737222671509
674,"TTGCTGATCATGTTCG-1","{""value"":""TTGCTGATCATGTTCG-1""}",2194,2851,true,16362,4304,2.3969056606292725,0.9801490306854248
675,"TTGGATCGACTTCTGG-1","{""value"":""TTGGATCGACTTCTGG-1""}",2400,98,true,35637,6691,3.8792648315429688,2.0642004013061523
676,"TTGGATTGGGTACCAC-1","{""value"":""TTGGATTGGGTACCAC-1""}",2057,936,true,21985,4801,3.0938172340393066,0
677,"TTGGCTCGCATGAGAC-1","{""value"":""TTGGCTCGCATGAGAC-1""}",818,1654,true,11028,3437,3.1453685760498047,0
678,"TTGGGACACTGCCCGC-1","{""value"":""TTGGGACACTGCCCGC-1""}",3089,2253,true,80179,8855,3.7797884941101074,1.4005982875823975
679,"TTGTAATCCGTACTCG-1","{""value"":""TTGTAATCCGTACTCG-1""}",2057,3091,true,34310,6659,2.190471649169922,2.190471649169922
680,"TTGTATCACACAGAAT-1","{""value"":""TTGTATCACACAGAAT-1""}",3364,337,true,31862,6183,3.068807363510132,0.6177999377250671
681,"TTGTCGTTCAGTTACC-1","{""value"":""TTGTCGTTCAGTTACC-1""}",2263,1534,true,13182,3620,3.0755720138549805,2.226233720779419
682,"TTGTGGCCCTGACAGT-1","{""value"":""TTGTGGCCCTGACAGT-1""}",2401,1055,true,11288,3326,2.739387273788452,0
683,"TTGTTCAGTGTGCTAC-1","{""value"":""TTGTTCAGTGTGCTAC-1""}",2676,1774,true,15172,4087,3.19209361076355,1.5240252017974854
