residue,resname,atom_count,mean_b_factor_a2,min_distance_to_cys12_a,min_distance_to_mov_a
0,GLY,4,25.337,35.255,30.252
1,MET,8,29.711,31.755,26.523
2,THR,7,22.931,28.556,22.996
3,GLU,9,24.114,26.459,19.957
4,TYR,12,21.737,22.552,16.661
5,LYS,9,20.79,20.213,12.729
6,LEU,8,18.195,16.735,10.825
7,VAL,7,18.177,13.216,6.25
8,VAL,7,17.671,9.661,6.169
9,VAL,7,18.113,7.563,3.447
10,GLY,4,19.328,3.905,3.497
11,ALA,5,20.366,1.328,4.282
12,CYS,6,23.833,0.0,1.805
13,GLY,4,21.455,1.332,4.323
14,VAL,7,19.517,3.411,6.318
15,GLY,4,18.285,5.835,7.406
16,LYS,9,17.638,4.04,2.765
17,SER,6,17.882,8.731,6.854
18,ALA,5,16.958,10.229,9.623
19,LEU,8,17.134,11.332,11.298
20,THR,7,17.866,12.627,10.526
21,ILE,8,19.172,13.829,12.22
22,GLN,9,19.179,16.07,15.188
23,LEU,8,21.582,17.723,16.614
24,ILE,8,24.404,18.406,16.079
25,GLN,9,24.156,20.152,18.582
26,ASN,8,24.224,20.725,19.742
27,HIS,10,23.375,17.291,16.983
28,PHE,11,21.29,12.884,14.174
29,VAL,7,25.851,12.595,12.483
30,ASP,8,32.466,11.178,11.118
31,GLU,9,38.501,12.026,11.269
32,TYR,12,28.211,8.47,7.423
33,ASP,8,26.084,8.111,6.744
34,PRO,7,25.081,4.719,3.482
35,THR,7,23.529,6.923,5.339
36,ILE,8,22.561,9.109,7.221
37,GLU,9,21.108,10.719,5.622
38,ASP,8,20.834,13.364,10.218
39,SER,6,20.95,16.532,12.287
40,TYR,12,21.383,13.92,11.349
41,ARG,11,32.951,20.915,17.715
42,LYS,9,27.197,22.494,19.98
43,GLN,9,25.452,25.73,23.158
44,VAL,7,23.931,24.635,22.899
45,VAL,7,25.404,28.548,26.353
46,ILE,8,25.536,25.442,21.965
47,ASP,8,29.876,29.754,26.028
48,GLY,4,28.843,33.061,29.84
49,GLU,9,29.117,30.861,26.446
50,THR,7,23.28,30.736,26.521
51,SER,6,22.66,26.993,23.428
52,LEU,8,25.253,25.187,20.275
53,LEU,8,24.094,21.796,17.733
54,ASP,8,24.21,19.407,14.078
55,ILE,8,19.489,15.435,11.788
56,LEU,8,18.879,12.81,6.948
57,ASP,8,18.734,9.335,6.713
58,THR,7,17.734,7.299,3.941
59,ALA,5,21.054,6.193,3.155
60,GLY,4,25.598,8.048,3.16
61,GLN,9,36.81,6.436,3.516
62,GLU,9,41.676,10.833,3.628
63,GLU,9,44.084,13.417,3.223
64,TYR,12,45.329,15.559,5.14
65,SER,6,30.643,14.994,6.343
66,ALA,5,24.698,18.559,9.281
67,MET,8,27.198,18.336,9.877
68,ARG,11,24.678,11.321,3.156
69,ASP,8,24.168,15.562,4.28
70,GLN,9,22.428,19.566,8.701
71,TYR,12,22.757,17.771,8.957
72,MET,8,26.291,13.426,3.277
73,ARG,11,31.574,19.394,7.525
74,THR,7,24.477,21.569,10.189
75,GLY,4,22.35,19.981,10.361
76,GLU,9,23.344,21.029,12.046
77,GLY,4,19.497,17.283,10.374
78,PHE,11,18.974,14.684,5.745
79,LEU,8,17.89,11.349,7.771
80,LEU,8,19.066,10.658,7.199
81,VAL,7,17.391,7.166,8.69
82,PHE,11,17.676,8.383,10.824
83,ALA,5,18.394,7.225,11.304
84,ILE,8,20.699,10.444,14.439
85,ASN,8,21.121,8.85,13.707
86,ASN,8,22.279,5.759,10.799
87,THR,7,23.437,9.979,11.425
88,LYS,9,26.083,8.157,6.966
89,SER,6,20.608,6.009,8.46
90,PHE,11,20.346,9.176,9.655
91,GLU,9,27.528,10.789,7.468
92,ASP,8,23.873,5.862,4.708
93,ILE,8,20.617,9.716,6.384
94,HIS,10,23.638,12.489,6.416
95,HIS,10,26.219,11.427,3.551
96,TYR,12,23.462,5.02,3.27
97,ARG,11,32.895,12.877,5.904
98,GLU,9,34.029,15.08,6.649
99,GLN,9,32.398,12.918,3.507
100,ILE,8,31.055,13.544,4.138
101,LYS,9,41.43,17.614,6.591
102,ARG,11,48.678,18.232,6.336
103,VAL,7,44.473,16.959,3.36
104,LYS,9,41.709,19.943,7.268
108,ASP,8,43.133,23.977,14.11
109,VAL,7,30.846,19.847,10.102
110,PRO,7,23.766,19.017,11.638
111,MET,8,21.646,16.568,8.837
112,VAL,7,17.946,14.78,11.779
113,LEU,8,16.889,13.43,12.223
114,VAL,7,16.459,11.712,13.311
115,GLY,4,16.688,12.788,15.05
116,ASN,8,17.341,9.804,11.518
117,LYS,9,19.187,6.852,10.447
118,SER,6,19.808,14.016,17.04
119,ASP,8,20.771,14.509,17.321
120,LEU,8,23.593,11.732,15.792
121,PRO,7,26.24,17.101,21.428
122,SER,6,26.078,14.023,18.696
123,ARG,11,25.197,15.359,20.247
124,THR,7,24.274,12.299,17.097
125,VAL,7,22.027,12.454,15.478
126,ASP,8,22.473,17.018,19.594
127,THR,7,21.837,18.735,20.443
128,LYS,9,22.747,20.722,20.755
129,GLN,9,21.549,16.943,15.797
130,ALA,5,19.998,16.692,16.909
131,GLN,9,23.424,19.681,18.888
132,ASP,8,20.904,20.998,18.042
133,LEU,8,19.919,15.092,12.006
134,ALA,5,19.982,19.001,16.118
135,ARG,11,24.533,21.717,18.443
136,SER,6,22.77,20.573,15.597
137,TYR,12,22.939,16.314,10.562
138,GLY,4,20.918,22.887,18.052
139,ILE,8,19.985,17.575,13.326
140,PRO,7,20.237,18.788,16.173
141,PHE,11,19.439,16.245,17.284
142,ILE,8,18.195,16.339,17.497
143,GLU,9,21.251,17.079,18.673
144,THR,7,17.261,13.613,14.88
145,SER,6,17.372,14.992,16.448
146,ALA,5,17.708,12.665,13.542
147,LYS,9,22.214,14.74,16.246
148,THR,7,19.989,17.559,19.152
149,ARG,11,20.047,18.383,19.482
150,GLN,9,21.928,17.837,19.008
151,GLY,4,18.378,18.681,19.067
152,VAL,7,18.061,16.781,17.072
153,ASP,8,20.651,20.2,20.02
154,ASP,8,21.137,20.716,19.571
155,ALA,5,17.762,17.039,16.462
156,PHE,11,18.597,15.515,14.029
157,TYR,12,21.77,21.627,19.168
158,THR,7,18.159,21.984,18.378
159,LEU,8,18.51,17.819,12.841
160,VAL,7,20.066,22.497,17.808
161,ARG,11,24.507,25.054,20.232
162,GLU,9,22.908,23.074,17.597
163,ILE,8,22.733,22.296,15.654
164,ARG,11,27.284,27.233,20.442
165,LYS,9,30.707,27.695,21.642
166,HIS,10,29.605,26.722,16.874
167,LYS,9,30.342,28.783,20.388
168,GLU,9,30.484,32.054,23.471
169,LYS,10,33.121,29.552,21.413
