alignment_column,kras_position,P01116,P01111,P01112
87,87,T,S,T
91,91,E,A,E
94,94,H,N,H
95,95,H,L,Q
107,107,E,D,D
121,121,P,P,A
122,122,S,T,A
126,126,D,D,E
127,127,T,T,S
128,128,K,K,R
131,131,Q,H,Q
132,132,D,E,D
135,135,R,K,R
141,141,F,F,Y
151,151,R,G,G
166,166,Y,Y,H
167,167,R,R,K
168,168,L,M,L
169,,-,-,R
171,170,K,K,L
172,,-,L,-
173,171,I,N,N
174,172,S,S,P
175,173,K,S,P
176,174,E,D,D
177,175,E,D,E
178,176,K,G,S
179,177,T,T,G
180,178,P,Q,P
183,181,V,-,-
184,182,K,M,M
185,183,I,G,S
186,184,K,L,C
187,185,K,P,K
189,187,I,V,V
190,188,I,V,L
191,189,M,M,S
